date,P0001,P0002,P0003,P0004,P0005,P0006,P0007,P0008,P0009,P0010,P0011,P0012,P0013,P0014,P0015,P0016,P0017,P0018,P0019,P0020
2022-01-01,473,490,640,509,531,352,410,451,480,510,334,439,497,332,406,404,338,335,419,251
2022-01-02,355,473,431,258,351,534,401,349,391,479,470,512,213,322,284,290,293,582,354,342
2022-01-03,357,290,264,208,299,430,106,420,417,260,224,482,61,258,239,213,308,449,319,361
2022-01-04,348,535,527,375,381,287,236,567,645,308,353,207,480,374,215,540,330,523,282,346
2022-01-05,653,485,546,431,459,455,441,458,644,615,657,495,302,363,364,640,363,455,406,389
2022-01-06,483,568,469,465,334,677,555,436,702,377,615,355,654,396,472,316,370,374,390,495
2022-01-07,450,417,478,440,391,467,622,434,522,514,443,430,602,666,374,560,510,406,655,664
2022-01-08,557,534,642,378,348,547,789,539,478,474,538,373,307,445,651,516,443,492,301,628
2022-01-09,454,562,480,493,386,527,374,365,509,713,449,384,559,505,386,429,651,381,340,714
2022-01-10,600,718,502,267,431,377,599,522,641,468,349,436,622,437,497,491,465,519,445,542
2022-01-11,604,351,387,280,579,667,555,472,698,508,470,398,479,552,635,554,467,396,307,598
2022-01-12,389,555,491,487,353,463,408,515,652,485,611,277,652,310,544,572,424,393,332,366
2022-01-13,384,579,662,465,731,429,595,541,417,396,444,241,564,415,523,417,432,481,472,716
2022-01-14,432,499,472,636,482,341,657,362,720,429,495,454,594,350,446,598,359,404,426,351
2022-01-15,745,563,573,544,554,381,393,342,434,503,433,260,371,425,404,723,430,514,497,477
2022-01-16,428,530,478,471,618,570,473,383,461,541,306,360,533,288,698,227,509,449,488,407
2022-01-17,546,663,566,609,429,498,672,387,517,609,622,213,403,389,605,359,507,406,692,382
2022-01-18,410,655,408,545,620,586,426,543,550,548,663,270,359,472,458,425,437,361,404,304
2022-01-19,460,378,403,392,433,566,381,572,498,481,562,292,408,348,512,337,448,435,376,407
2022-01-20,350,523,363,441,518,647,499,508,435,544,482,237,566,438,577,562,540,449,450,360
2022-01-21,463,363,575,531,591,371,732,524,498,432,348,454,551,477,486,465,599,558,604,283
2022-01-22,426,623,583,494,588,396,520,451,400,551,451,415,560,456,749,468,583,411,304,479
2022-01-23,499,491,450,429,331,475,687,382,272,593,345,413,404,452,614,250,471,373,440,350
2022-01-24,490,585,372,397,432,304,402,301,409,445,671,322,500,585,414,455,447,359,558,374
2022-01-25,384,363,579,577,411,412,527,418,312,381,384,487,572,385,280,372,382,383,600,225
2022-01-26,608,455,557,482,392,646,533,324,351,366,567,502,364,563,324,362,344,583,500,448
2022-01-27,443,461,432,396,329,491,620,571,295,427,392,428,606,454,547,681,348,512,445,398
2022-01-28,564,470,341,339,529,432,513,466,437,601,498,354,458,334,387,438,449,546,434,355
2022-01-29,487,453,508,494,490,469,545,430,369,552,569,460,620,470,474,507,433,394,448,483
2022-01-30,440,397,442,422,364,405,509,484,357,371,277,351,383,416,437,457,396,425,404,255
2022-01-31,380,494,444,455,345,478,547,398,409,415,384,379,372,513,416,475,339,448,492,409
2022-02-01,368,562,531,494,405,386,541,516,588,427,460,456,339,382,516,762,588,531,406,341
2022-02-02,697,737,471,743,478,479,709,389,696,538,718,239,421,385,552,496,759,450,378,411
2022-02-03,341,559,503,649,518,684,436,513,677,486,688,468,692,463,605,482,387,366,459,555
2022-02-04,761,430,463,571,403,374,441,321,492,605,592,466,403,483,438,637,383,491,468,535
2022-02-05,536,620,584,509,710,520,429,497,505,490,509,439,485,487,275,587,399,519,555,430
2022-02-06,543,529,336,636,416,501,454,580,648,326,436,343,485,400,500,425,482,357,523,378
2022-02-07,520,379,588,562,407,381,473,463,633,379,645,374,380,487,574,387,371,424,599,446
2022-02-08,414,762,649,459,516,575,535,541,435,374,834,480,473,344,572,417,464,361,441,428
2022-02-09,566,551,737,634,550,592,503,425,585,527,871,338,378,500,418,729,602,429,438,326
2022-02-10,345,821,457,516,658,625,453,480,339,590,557,505,438,542,387,351,365,404,370,558
2022-02-11,467,840,477,485,355,458,569,432,498,635,561,366,311,364,480,505,382,551,492,387
2022-02-12,500,638,493,524,521,427,834,328,521,446,598,353,633,462,543,465,354,355,402,521
2022-02-13,474,592,492,239,557,430,514,390,330,482,386,520,507,362,507,371,348,464,418,263
2022-02-14,397,798,468,420,639,393,586,519,533,450,584,359,606,523,567,702,365,310,472,482
2022-02-15,543,537,494,275,409,631,432,448,657,538,530,571,435,511,349,246,387,432,507,521
2022-02-16,635,397,498,300,540,579,471,305,636,487,638,328,471,540,551,759,342,488,425,410
2022-02-17,481,583,578,398,563,770,399,409,601,348,437,313,611,407,503,328,329,370,469,531
2022-02-18,472,424,449,330,492,434,569,481,452,472,490,418,652,603,548,420,693,538,408,672
2022-02-19,564,523,438,300,527,629,565,537,526,742,460,419,524,479,676,418,666,547,435,278
2022-02-20,456,372,561,513,482,378,703,522,547,428,398,356,484,389,565,364,472,625,488,380
2022-02-21,574,547,457,398,551,467,388,631,520,403,551,345,775,376,356,451,286,429,360,377
2022-02-22,456,397,391,235,621,348,469,411,443,346,407,307,537,463,477,743,447,458,545,360
2022-02-23,594,461,389,753,601,669,450,505,584,349,476,468,590,665,335,290,443,504,528,345
2022-02-24,486,555,380,465,526,374,421,324,490,278,533,373,668,337,503,369,417,318,522,601
2022-02-25,492,533,525,350,509,490,391,498,511,219,415,535,611,383,430,472,294,510,303,429
2022-02-26,374,504,416,622,420,476,543,529,467,407,537,372,720,489,380,489,340,540,466,276
2022-02-27,574,413,427,581,520,651,565,478,519,569,337,459,682,471,382,688,585,503,290,346
2022-02-28,472,412,464,437,480,453,686,412,429,543,442,336,545,447,415,279,476,348,503,372
2022-03-01,521,667,410,460,728,508,618,527,497,291,407,510,678,613,451,322,463,469,589,321
2022-03-02,821,441,344,361,384,470,577,344,689,324,386,244,383,452,377,502,319,392,308,657
2022-03-03,589,397,579,607,389,410,761,444,368,590,544,510,661,677,579,423,491,497,342,334
2022-03-04,822,384,438,579,330,840,438,523,486,584,548,633,837,394,452,394,378,404,415,444
2022-03-05,739,461,497,674,753,756,791,446,452,368,519,499,538,344,497,477,425,547,443,331
2022-03-06,472,626,424,488,282,500,523,525,505,599,402,476,535,369,507,420,350,359,506,481
2022-03-07,320,705,565,572,320,698,473,500,477,527,529,337,384,463,593,673,415,407,572,386
2022-03-08,501,886,647,587,435,566,457,507,614,446,400,390,583,534,583,425,509,350,526,419
2022-03-09,789,415,582,387,234,704,565,286,366,598,529,450,852,469,478,349,526,559,425,397
2022-03-10,470,571,593,501,402,538,513,378,667,392,291,334,609,527,498,398,550,352,271,480
2022-03-11,349,505,458,688,377,608,890,509,597,375,427,460,348,426,427,344,596,326,350,435
2022-03-12,716,680,651,562,456,777,831,442,517,560,651,449,741,398,734,689,533,337,461,333
2022-03-13,582,522,587,695,278,544,407,499,535,342,385,384,504,401,440,479,585,344,492,550
2022-03-14,344,412,661,453,215,476,496,296,447,611,338,286,600,471,476,527,595,340,329,395
2022-03-15,848,649,613,496,313,538,431,504,477,512,487,552,519,611,594,497,302,505,366,432
2022-03-16,422,402,520,842,479,550,439,496,560,592,604,419,516,447,598,522,529,321,404,337
2022-03-17,563,316,515,440,361,481,639,447,667,480,358,339,389,452,584,435,561,646,320,440
2022-03-18,467,638,345,538,394,642,394,405,326,563,324,530,709,406,584,436,555,315,418,413
2022-03-19,545,380,465,598,376,524,451,409,371,507,457,265,407,608,374,396,456,411,329,447
2022-03-20,477,731,735,452,544,579,740,503,682,471,463,437,303,381,557,645,500,446,399,523
2022-03-21,589,418,825,311,731,379,643,378,424,426,395,294,603,482,524,469,461,592,532,462
2022-03-22,741,388,333,514,340,475,391,434,293,532,380,265,495,568,419,419,415,487,471,310
2022-03-23,492,569,471,594,520,682,701,322,472,579,487,378,406,411,466,406,645,688,307,310
2022-03-24,238,433,397,469,652,675,553,415,560,651,488,344,777,509,337,336,536,523,517,398
2022-03-25,634,730,542,354,525,617,546,323,509,894,515,601,401,317,437,692,625,283,560,524
2022-03-26,514,483,527,607,649,504,403,450,786,772,509,447,651,358,478,364,690,343,518,523
2022-03-27,608,562,455,647,582,704,498,609,466,785,820,545,516,506,518,542,353,566,453,434
2022-03-28,420,484,540,551,459,491,577,355,439,616,479,538,365,393,324,536,588,358,321,454
2022-03-29,572,447,528,542,456,534,417,374,472,533,544,444,633,401,376,373,517,397,406,422
2022-03-30,437,589,491,596,434,480,521,303,345,504,421,452,683,310,398,431,469,309,446,363
2022-03-31,495,460,549,498,473,419,430,465,339,502,398,377,628,475,335,492,434,336,325,386
2022-04-01,511,596,406,712,557,595,583,409,343,696,422,381,493,614,484,605,478,571,507,310
2022-04-02,410,583,453,302,520,668,515,552,543,479,505,537,463,565,393,511,525,554,308,401
2022-04-03,478,636,638,472,576,562,485,303,360,504,289,343,512,542,611,434,433,297,355,549
2022-04-04,621,524,506,507,297,346,662,339,415,386,405,582,560,364,493,390,465,306,420,382
2022-04-05,544,687,449,535,584,729,575,362,497,418,437,442,445,400,417,565,340,378,594,305
2022-04-06,393,432,413,733,369,373,574,483,655,491,608,594,886,495,560,398,351,567,373,527
2022-04-07,392,818,632,339,507,652,708,473,405,517,542,674,466,587,351,403,410,470,297,588
2022-04-08,457,426,519,935,461,407,471,428,366,582,519,449,601,609,432,611,567,465,484,470
2022-04-09,371,441,688,526,460,401,448,302,473,318,484,415,695,449,479,324,490,301,439,389
2022-04-10,446,546,506,524,604,545,564,444,362,396,471,381,509,373,525,444,521,274,434,368
2022-04-11,751,432,479,733,455,538,397,418,395,574,604,538,431,604,580,425,406,597,296,293
2022-04-12,606,481,511,481,487,769,764,334,477,665,581,535,661,483,378,486,612,394,385,438
2022-04-13,411,706,697,570,510,366,470,485,390,626,483,457,493,467,437,698,622,391,344,405
2022-04-14,492,364,547,400,647,448,554,424,513,613,592,323,417,402,418,446,432,297,337,560
2022-04-15,522,541,595,415,462,405,429,557,441,311,580,403,620,407,539,616,472,437,461,419
2022-04-16,440,335,456,449,537,319,549,594,689,624,336,354,502,414,434,421,359,391,229,318
2022-04-17,475,727,456,604,554,530,531,508,592,620,624,382,416,508,460,393,467,408,491,343
2022-04-18,474,494,614,772,625,490,609,406,549,465,620,389,577,388,609,306,466,447,445,338
2022-04-19,633,730,466,490,336,531,459,510,636,447,450,582,416,248,732,518,383,621,653,295
2022-04-20,501,411,650,463,513,600,676,677,494,496,280,344,618,472,494,582,666,447,518,565
2022-04-21,489,410,546,502,351,454,423,355,316,462,358,374,499,575,470,557,566,357,355,469
2022-04-22,366,510,457,320,515,381,511,427,378,532,504,283,535,303,436,445,545,405,406,397
2022-04-23,215,329,274,433,389,324,284,410,451,292,364,222,249,266,274,198,151,237,394,254
2022-04-24,318,281,236,357,299,361,262,557,375,317,267,359,317,251,332,149,278,318,509,255
2022-04-25,321,375,249,425,328,170,343,481,585,351,396,249,388,315,534,220,158,356,338,260
2022-04-26,391,335,304,370,248,271,410,369,430,292,242,218,315,225,210,135,193,182,243,219
2022-04-27,280,317,293,308,373,247,251,516,390,383,208,189,263,184,257,197,340,325,281,180
2022-04-28,263,313,331,331,384,285,228,276,460,319,336,182,383,170,251,226,180,415,284,237
2022-04-29,331,386,268,331,275,267,282,260,319,357,362,175,254,186,249,214,326,265,257,214
2022-04-30,228,315,326,277,240,398,316,198,360,297,200,170,304,218,341,151,188,219,332,232
2022-05-01,492,367,225,327,288,270,467,215,426,355,387,191,257,281,265,299,260,296,433,188
2022-05-02,172,323,274,338,247,219,322,226,366,318,435,305,334,225,306,136,226,281,394,369
2022-05-03,258,342,285,259,355,220,337,339,435,282,252,322,382,244,201,279,274,353,342,180
2022-05-04,268,271,357,332,204,322,353,323,346,403,310,271,328,248,240,214,209,316,274,176
2022-05-05,363,218,315,360,291,413,327,230,388,345,307,286,368,363,278,295,284,301,379,306
2022-05-06,303,341,324,366,461,277,256,192,355,428,409,336,209,332,346,281,242,341,287,307
2022-05-07,382,373,376,277,256,259,326,440,399,320,295,245,255,270,372,319,264,350,291,209
2022-05-08,255,263,282,360,297,371,283,196,463,381,273,198,320,250,231,244,296,387,402,228
2022-05-09,341,389,244,307,285,312,320,355,233,244,385,235,415,224,274,204,137,267,456,206
2022-05-10,264,404,298,351,296,212,352,413,314,284,493,192,261,417,377,284,212,290,268,223
2022-05-11,233,325,368,319,392,288,429,416,367,286,297,269,164,209,250,236,213,276,357,212
2022-05-12,170,269,126,462,219,252,372,309,422,310,335,198,330,258,278,295,161,295,345,243
2022-05-13,350,342,275,372,385,393,291,256,428,248,214,244,274,261,281,242,115,301,288,205
2022-05-14,280,341,392,427,352,220,280,372,473,325,248,200,282,238,282,321,256,319,309,275
2022-05-15,486,339,473,328,308,117,391,343,309,250,423,169,218,171,183,323,252,366,305,244
2022-05-16,324,299,421,485,269,253,232,298,494,284,232,235,262,214,346,315,267,356,340,204
2022-05-17,320,324,322,397,355,315,268,204,396,319,152,263,367,306,509,332,263,355,338,306
2022-05-18,264,172,171,302,259,396,210,250,321,326,311,189,286,215,209,225,212,218,311,395
2022-05-19,337,307,325,246,300,329,379,313,536,275,306,193,274,246,297,284,225,304,303,296
2022-05-20,373,499,341,310,458,236,262,311,411,400,403,276,479,294,388,176,150,309,473,196
2022-05-21,290,435,334,387,274,267,263,297,362,354,222,202,385,256,385,263,268,295,331,168
2022-05-22,374,323,267,380,309,327,295,354,349,326,200,255,316,261,283,198,305,294,275,290
2022-05-23,147,321,188,239,304,274,256,213,476,234,278,262,357,172,348,265,290,232,389,226
2022-05-24,317,284,267,318,263,320,332,325,403,405,306,213,329,276,318,466,212,323,240,178
2022-05-25,304,336,262,423,405,143,333,248,647,416,256,300,359,446,283,247,207,297,302,296
2022-05-26,425,476,464,466,502,339,470,396,485,379,467,408,537,313,686,334,407,469,303,371
2022-05-27,317,520,500,497,667,412,403,564,740,348,464,459,484,485,579,387,546,501,334,364
2022-05-28,620,581,436,529,466,340,478,559,423,549,349,529,380,478,560,555,349,458,469,316
2022-05-29,452,477,492,485,382,323,421,523,487,443,403,356,538,353,306,499,521,381,482,521
2022-05-30,455,482,572,501,516,374,495,396,442,321,431,528,398,417,430,627,475,417,345,574
2022-05-31,504,490,526,462,513,267,556,344,442,426,460,381,517,557,305,464,344,394,500,639
2022-06-01,582,678,481,530,484,280,585,430,513,436,436,377,613,364,547,486,449,426,413,434
2022-06-02,637,750,516,659,448,424,595,492,447,334,446,404,588,494,506,336,306,508,420,729
2022-06-03,476,415,396,539,477,398,796,590,552,340,464,418,511,607,553,407,348,415,521,595
2022-06-04,562,500,288,520,422,495,464,516,392,287,443,349,721,662,456,321,388,393,410,581
2022-06-05,285,496,428,456,590,455,414,521,498,275,391,489,617,549,385,458,389,392,519,538
2022-06-06,446,514,415,566,372,651,698,536,418,337,450,409,812,450,359,584,347,404,401,392
2022-06-07,579,453,419,495,474,400,328,393,427,373,405,499,510,377,671,403,316,370,462,535
2022-06-08,528,684,500,802,639,583,877,400,694,472,409,469,461,525,507,529,378,500,383,327
2022-06-09,438,614,529,569,365,466,611,442,373,571,389,363,645,485,540,368,407,521,531,442
2022-06-10,617,766,554,763,427,569,522,450,483,507,441,514,588,399,570,386,299,405,321,310
2022-06-11,500,845,702,766,1015,689,549,330,571,760,413,369,649,445,553,550,383,504,417,381
2022-06-12,602,641,410,541,455,381,513,463,479,742,608,446,858,453,866,630,558,498,409,330
2022-06-13,489,674,420,542,636,742,394,492,363,425,434,480,409,388,461,338,404,439,519,553
2022-06-14,551,784,472,544,579,650,635,430,550,572,570,400,517,471,506,416,314,503,412,305
2022-06-15,527,394,671,768,675,421,541,400,565,532,586,450,669,388,570,767,445,544,595,290
2022-06-16,393,750,490,486,576,425,421,399,425,575,418,243,767,490,542,642,509,469,436,472
2022-06-17,684,616,397,665,460,612,512,469,735,594,523,602,498,401,464,465,488,326,453,397
2022-06-18,604,594,464,477,562,432,466,347,480,469,484,351,451,711,461,334,515,411,404,304
2022-06-19,674,339,598,589,476,506,700,475,864,557,471,442,795,439,461,475,419,432,418,300
2022-06-20,546,633,746,690,542,344,447,493,370,482,492,485,740,380,548,600,440,403,365,349
2022-06-21,887,434,517,731,564,601,714,713,462,498,574,462,381,484,487,416,441,527,523,228
2022-06-22,533,581,394,663,561,591,495,534,655,626,510,473,638,598,725,700,268,502,324,378
2022-06-23,399,494,552,533,452,480,481,382,489,479,246,533,567,373,478,773,424,460,443,342
2022-06-24,515,587,436,698,478,539,333,395,699,426,588,445,592,508,715,477,354,556,253,412
2022-06-25,472,382,423,714,427,398,430,462,686,661,531,477,841,501,437,492,444,493,495,482
2022-06-26,517,580,738,722,533,568,384,512,690,708,573,697,613,417,647,498,398,553,412,418
2022-06-27,582,371,469,820,561,407,635,389,610,608,576,379,353,434,472,365,508,396,489,285
2022-06-28,779,556,511,518,460,599,464,672,504,481,423,675,563,475,651,471,370,486,405,447
2022-06-29,191,256,198,196,307,369,216,225,428,315,201,237,487,211,358,223,224,316,299,204
2022-06-30,279,237,307,349,280,333,202,263,498,229,280,209,294,396,205,317,190,270,234,176
2022-07-01,292,250,304,441,169,283,251,250,573,263,314,166,319,234,468,281,143,214,337,222
2022-07-02,222,338,225,364,285,230,332,303,464,369,260,315,193,238,229,273,157,241,329,185
2022-07-03,303,228,183,451,498,232,261,293,466,538,264,301,395,363,307,403,218,285,510,202
2022-07-04,247,281,235,536,320,357,472,417,504,334,357,353,391,310,348,318,287,306,359,218
2022-07-05,179,396,271,293,196,323,415,227,405,194,414,193,457,252,253,306,250,299,344,174
2022-07-06,154,200,212,418,329,474,467,268,518,567,266,248,348,302,260,307,239,391,295,216
2022-07-07,227,388,324,448,394,306,430,316,488,407,392,341,281,328,320,279,258,271,331,259
2022-07-08,194,347,360,412,378,284,309,344,528,305,340,308,408,351,407,345,233,387,274,260
2022-07-09,196,348,366,288,316,277,473,369,335,376,246,446,383,250,189,189,240,309,306,193
2022-07-10,187,305,281,436,326,305,254,356,595,326,409,428,455,256,310,271,241,294,286,340
2022-07-11,155,179,303,359,280,279,401,337,381,335,423,425,296,253,254,313,205,457,419,203
2022-07-12,272,447,204,390,454,224,292,258,309,406,399,277,375,223,274,297,227,334,405,204
2022-07-13,197,373,283,421,320,317,557,341,481,315,446,234,325,266,421,289,156,452,253,269
2022-07-14,291,275,278,413,451,312,307,312,362,318,297,181,470,327,352,243,322,379,419,156
2022-07-15,382,329,370,314,340,295,400,299,305,343,321,213,388,371,251,226,175,351,516,191
2022-07-16,425,294,439,386,353,263,381,377,289,326,276,251,362,197,273,223,168,427,374,183
2022-07-17,442,497,210,450,373,318,288,241,326,363,273,204,342,285,220,330,241,381,458,268
2022-07-18,211,279,283,398,371,303,362,290,432,361,306,225,363,288,230,294,212,334,316,147
2022-07-19,257,332,355,329,463,378,366,282,314,502,245,145,275,270,271,382,179,299,371,165
2022-07-20,372,328,468,433,391,208,285,329,302,301,232,239,328,228,327,283,174,433,378,169
2022-07-21,256,240,346,276,185,267,443,456,405,293,366,205,385,228,396,308,213,243,286,178
2022-07-22,311,448,319,389,321,247,399,306,616,311,299,244,334,403,385,286,191,281,322,248
2022-07-23,368,382,481,598,302,369,281,347,826,459,367,281,372,340,308,223,273,298,308,283
2022-07-24,286,295,233,538,192,272,241,367,457,312,267,157,236,262,326,233,166,301,264,298
2022-07-25,461,657,540,487,399,655,642,423,391,507,599,405,536,445,414,395,453,394,356,319
2022-07-26,637,315,530,550,542,570,538,555,744,666,517,495,700,499,510,501,474,417,286,455
2022-07-27,593,610,478,648,653,366,375,552,781,508,238,365,531,434,358,207,416,469,447,447
2022-07-28,440,404,349,594,493,748,725,467,636,561,280,530,566,360,552,496,422,316,448,322
2022-07-29,471,472,360,447,459,375,579,403,459,414,388,337,411,442,339,475,351,448,362,374
2022-07-30,482,701,415,690,498,495,563,417,653,495,401,341,670,479,370,545,376,473,481,282
2022-07-31,432,601,537,535,643,717,607,390,780,557,346,479,538,445,343,458,397,466,497,354
2022-08-01,644,722,443,632,538,439,601,494,397,465,393,377,435,365,508,453,514,394,381,348
2022-08-02,505,431,652,627,793,456,692,480,468,453,504,361,616,552,403,332,468,492,421,291
2022-08-03,635,507,430,546,537,622,546,474,357,438,528,386,791,454,447,535,545,444,611,632
2022-08-04,545,447,592,466,399,740,433,488,530,640,552,417,791,694,585,625,414,423,365,395
2022-08-05,447,462,740,645,574,387,704,405,516,677,511,395,520,619,410,618,434,486,336,214
2022-08-06,389,372,434,657,480,515,530,553,527,672,581,384,715,418,495,710,294,433,635,404
2022-08-07,650,509,465,615,400,698,429,548,590,604,389,495,546,577,611,667,411,368,421,278
2022-08-08,426,488,394,562,429,444,596,495,659,571,385,454,608,449,379,858,550,315,332,470
2022-08-09,485,527,491,949,619,609,725,371,587,821,552,564,520,661,455,569,328,454,486,346
2022-08-10,527,436,415,590,452,377,482,352,782,492,563,529,512,554,350,527,358,354,451,334
2022-08-11,443,464,343,643,468,456,480,416,718,408,438,631,513,517,542,617,410,456,502,378
2022-08-12,717,456,558,569,457,614,587,427,453,399,449,390,719,287,520,506,485,403,383,356
2022-08-13,402,481,496,623,674,455,673,404,787,443,464,412,438,531,306,528,439,541,456,322
2022-08-14,623,442,472,469,492,501,579,546,577,524,562,448,621,621,491,451,340,510,448,412
2022-08-15,473,650,544,517,571,370,568,536,629,852,390,446,467,664,603,583,406,360,377,484
2022-08-16,694,287,473,571,682,482,732,344,564,499,714,467,942,484,563,378,419,376,455,521
2022-08-17,442,598,583,698,505,574,641,493,447,513,416,508,522,403,817,651,591,373,361,320
2022-08-18,484,740,577,636,405,451,519,571,386,638,623,470,611,695,499,338,331,371,572,344
2022-08-19,594,524,320,696,839,335,632,471,394,480,375,460,509,461,401,294,426,507,301,374
2022-08-20,538,872,581,622,548,441,523,375,821,569,463,558,381,527,274,512,455,389,389,255
2022-08-21,573,798,339,769,590,476,702,514,401,463,483,375,494,575,480,491,502,438,433,436
2022-08-22,580,499,634,490,455,532,549,514,603,611,964,524,549,507,599,425,418,411,532,440
2022-08-23,785,598,424,916,453,427,560,494,612,597,583,328,552,413,508,407,398,392,559,422
2022-08-24,308,634,364,475,531,625,576,502,569,464,659,408,610,459,404,661,421,362,320,477
2022-08-25,823,751,549,683,765,410,589,674,542,638,580,398,615,566,738,505,520,405,376,428
2022-08-26,622,382,457,518,492,589,605,412,804,504,707,539,620,365,649,316,386,380,521,393
2022-08-27,611,702,651,407,532,458,723,391,755,290,642,563,759,525,684,515,356,440,490,477
2022-08-28,592,521,694,640,568,555,603,572,421,524,736,616,634,543,455,612,522,504,472,511
2022-08-29,674,481,468,543,356,506,644,269,531,521,477,397,583,538,480,404,367,408,377,354
2022-08-30,552,404,543,713,527,575,716,394,455,501,779,358,485,443,429,359,448,396,369,286
2022-08-31,574,499,698,571,399,494,623,452,532,473,515,464,588,469,467,393,395,397,264,364
2022-09-01,350,466,325,485,534,410,468,387,675,597,453,484,461,315,690,504,600,481,541,351
2022-09-02,415,796,621,642,370,670,706,458,524,494,351,458,523,597,341,408,444,433,273,438
2022-09-03,586,556,892,394,423,513,554,540,596,531,483,500,615,475,420,366,365,560,336,385
2022-09-04,361,666,455,410,544,514,651,587,483,426,511,568,535,467,403,703,426,499,299,399
2022-09-05,310,451,632,471,524,605,483,269,554,541,572,554,471,398,428,679,381,411,350,350
2022-09-06,545,467,314,443,416,718,409,408,509,669,674,412,341,394,613,476,363,714,354,486
2022-09-07,414,402,481,409,510,347,630,470,469,561,467,348,391,333,411,451,469,421,402,370
2022-09-08,470,342,663,409,438,425,383,416,426,550,575,339,588,481,356,418,324,405,449,545
2022-09-09,298,582,531,539,381,463,530,343,513,433,736,488,851,506,455,357,350,388,475,405
2022-09-10,457,431,410,394,523,446,560,301,432,615,443,361,348,404,514,553,347,323,429,305
2022-09-11,544,463,513,555,476,393,502,377,546,594,344,264,588,704,767,388,512,528,388,367
2022-09-12,524,358,483,550,440,473,433,392,623,496,369,493,468,364,306,457,396,406,265,240
2022-09-13,339,430,480,774,484,411,548,448,313,425,374,436,575,316,294,384,504,622,559,317
2022-09-14,610,446,379,538,352,470,435,500,386,407,476,380,488,424,380,381,471,438,473,387
2022-09-15,489,517,487,472,436,479,498,481,500,444,594,453,594,748,429,598,562,358,519,506
2022-09-16,396,358,503,541,558,456,844,625,661,518,336,396,542,378,353,391,450,438,324,326
2022-09-17,542,512,444,460,700,639,531,495,601,589,509,345,553,566,389,236,436,349,469,379
2022-09-18,634,366,375,374,545,373,858,361,561,457,495,374,465,433,610,336,474,467,375,267
2022-09-19,369,425,421,583,569,470,474,406,487,449,513,335,476,611,365,412,301,495,395,557
2022-09-20,639,435,318,416,315,286,407,418,508,613,394,305,490,472,559,273,473,433,330,377
2022-09-21,568,483,313,460,408,565,530,405,332,390,472,305,436,455,589,276,339,433,537,442
2022-09-22,531,454,450,275,450,385,657,611,290,528,247,423,470,339,588,240,552,310,360,272
2022-09-23,483,465,760,665,416,611,558,362,499,503,367,538,437,506,482,438,669,410,375,403
2022-09-24,635,642,428,567,582,289,547,331,563,492,395,349,592,479,445,334,279,496,448,459
2022-09-25,643,425,499,452,514,529,393,335,434,420,347,336,500,383,426,323,463,421,337,310
2022-09-26,706,769,396,882,510,731,299,415,397,678,400,445,668,694,440,489,406,348,475,431
2022-09-27,441,464,734,396,501,429,480,387,458,570,523,517,666,287,370,394,432,368,329,431
2022-09-28,455,381,211,527,359,347,406,356,289,558,468,521,705,497,426,546,394,455,377,286
2022-09-29,494,509,328,544,525,460,430,400,482,557,425,372,347,386,305,463,434,385,410,420
2022-09-30,366,545,303,394,403,442,584,349,438,432,344,414,716,424,455,301,316,360,383,275
2022-10-01,548,365,565,469,444,332,435,378,320,366,367,465,619,312,212,464,377,435,430,374
2022-10-02,430,507,805,466,387,448,444,518,437,450,607,436,898,471,557,462,463,467,351,377
2022-10-03,606,452,478,368,355,373,550,458,527,477,580,397,388,409,410,640,337,396,358,275
2022-10-04,483,572,387,434,335,460,460,480,581,495,371,282,470,538,455,407,431,460,386,428
2022-10-05,466,442,455,581,388,410,404,333,485,567,359,406,440,424,434,528,411,601,423,381
2022-10-06,405,571,390,475,454,501,488,376,523,571,385,545,608,404,442,429,329,403,365,344
2022-10-07,463,432,585,481,654,640,364,510,470,515,552,362,665,376,654,555,392,360,368,356
2022-10-08,560,617,379,409,401,480,647,636,560,652,420,440,491,492,477,361,416,416,417,380
2022-10-09,589,252,343,633,447,416,606,320,575,472,460,516,514,446,652,275,516,400,360,478
2022-10-10,406,476,390,722,521,517,465,389,593,384,433,394,502,436,466,489,474,465,435,293
2022-10-11,385,556,540,741,448,465,566,422,539,612,545,389,441,552,425,348,413,573,555,385
2022-10-12,583,763,427,472,397,480,510,398,478,514,418,540,455,401,383,569,477,437,606,562
2022-10-13,381,352,570,441,690,618,447,388,509,323,494,441,591,368,376,493,354,309,627,345
2022-10-14,466,616,517,480,378,534,524,483,661,401,518,476,374,407,420,321,312,306,288,406
2022-10-15,488,607,481,703,513,551,342,471,665,467,399,556,568,478,521,438,443,374,652,417
2022-10-16,657,359,338,458,501,452,553,308,408,656,401,597,602,312,507,444,359,386,553,455
2022-10-17,460,358,508,387,341,443,493,395,353,478,325,268,496,403,321,386,368,439,548,353
2022-10-18,453,403,530,517,475,401,766,330,400,244,503,431,529,257,457,486,371,407,545,297
2022-10-19,559,337,437,472,415,534,465,555,329,589,477,388,398,263,411,413,398,397,482,487
2022-10-20,337,287,334,547,406,426,524,320,492,410,380,477,456,322,360,504,318,416,402,286
2022-10-21,559,417,417,439,663,403,314,321,364,571,393,380,541,305,403,558,467,506,342,436
2022-10-22,475,525,469,492,509,579,352,462,489,546,335,626,493,382,464,539,443,481,390,375
2022-10-23,478,615,485,635,619,409,876,480,472,563,390,371,642,290,413,407,441,382,465,461
2022-10-24,410,449,409,406,614,658,379,472,365,490,522,406,739,538,428,432,499,418,462,394
2022-10-25,512,385,465,474,453,330,366,386,334,305,335,408,419,319,471,508,380,375,326,388
2022-10-26,427,462,397,419,346,391,287,330,423,420,320,336,514,306,385,402,410,389,325,276
2022-10-27,513,430,456,782,570,482,376,339,685,460,499,287,354,440,451,538,339,435,336,571
2022-10-28,724,477,523,423,599,335,584,522,589,434,538,533,431,520,463,357,496,402,358,540
2022-10-29,246,418,397,538,409,435,445,395,402,392,401,343,625,273,410,649,377,494,372,323
2022-10-30,405,368,438,464,406,488,524,436,413,401,399,298,380,455,463,661,378,348,358,320
2022-10-31,456,392,484,626,549,309,400,540,334,359,361,393,562,340,367,414,452,423,339,248
2022-11-01,330,523,596,533,569,401,527,276,724,439,438,433,681,576,499,454,339,329,405,514
2022-11-02,443,414,514,732,457,355,492,414,489,475,515,405,537,458,468,745,287,403,350,527
2022-11-03,423,330,348,380,472,376,428,375,422,461,429,564,355,298,276,413,372,427,479,403
2022-11-04,420,480,439,620,404,424,608,509,532,478,505,426,589,530,381,702,358,424,365,402
2022-11-05,559,472,603,693,566,499,498,406,504,380,400,500,443,597,438,666,393,385,450,575
2022-11-06,578,542,336,485,361,307,460,479,552,527,448,469,318,241,552,650,415,456,362,433
2022-11-07,584,409,463,597,496,489,473,558,456,493,406,293,690,487,402,604,394,301,380,547
2022-11-08,400,401,424,427,463,849,618,396,499,436,513,382,346,532,395,451,460,334,507,404
2022-11-09,460,607,414,569,392,413,390,396,334,554,564,493,366,603,367,469,419,395,602,525
2022-11-10,562,423,297,720,438,491,451,433,615,557,456,358,523,345,495,596,557,358,308,432
2022-11-11,548,611,419,418,409,416,600,310,372,499,616,359,367,414,336,387,366,489,225,348
2022-11-12,720,377,544,545,648,674,582,475,689,607,500,425,531,419,498,477,465,447,384,441
2022-11-13,478,655,321,487,519,485,492,485,461,438,478,416,450,568,424,345,573,440,401,415
2022-11-14,369,396,429,639,394,473,390,515,479,543,352,413,404,548,408,361,483,406,334,263
2022-11-15,464,478,638,527,553,537,569,459,371,503,252,451,526,531,456,580,591,385,493,310
2022-11-16,494,406,403,414,394,604,875,370,452,367,511,511,460,576,470,772,328,568,250,383
2022-11-17,493,654,416,390,695,466,470,377,544,478,331,304,525,861,460,258,355,630,339,484
2022-11-18,454,639,382,563,561,399,407,377,601,598,434,435,767,686,353,389,386,448,389,336
2022-11-19,587,512,323,301,577,382,554,414,483,576,354,575,708,650,481,743,466,487,390,339
2022-11-20,364,523,588,364,372,522,581,337,562,455,377,351,468,450,355,289,350,442,380,294
2022-11-21,425,520,416,406,453,654,608,430,563,401,498,292,717,689,263,546,461,352,409,268
2022-11-22,258,283,457,331,539,245,582,342,536,447,448,297,405,672,749,462,276,323,371,506
2022-11-23,599,433,293,284,560,514,586,472,399,387,406,364,665,356,445,459,349,515,424,290
2022-11-24,470,453,419,376,587,623,637,439,384,391,476,523,690,486,513,438,526,607,557,623
2022-11-25,479,382,485,433,501,469,446,395,547,492,525,455,476,347,393,472,378,375,414,249
2022-11-26,615,443,601,330,409,389,1000,522,609,499,571,477,624,569,493,368,375,243,382,370
2022-11-27,288,400,427,434,408,397,415,485,616,376,308,425,642,419,690,353,356,490,272,250
2022-11-28,442,451,486,476,399,342,501,425,413,550,462,452,429,335,435,357,408,479,335,438
2022-11-29,401,316,550,533,373,512,459,378,420,551,359,455,442,235,491,517,358,287,326,354
2022-11-30,507,477,515,419,527,456,626,423,547,502,384,377,373,315,484,451,342,493,448,393
2022-12-01,352,473,481,484,397,349,375,362,478,299,563,395,416,179,342,285,362,316,457,307
2022-12-02,534,526,374,350,351,489,604,437,477,423,405,478,595,255,448,471,621,512,474,463
2022-12-03,427,673,582,624,472,480,476,517,367,721,526,337,640,323,456,338,252,418,391,559
2022-12-04,435,622,626,388,473,510,624,466,554,472,383,366,409,253,508,427,376,551,462,464
2022-12-05,759,557,558,486,644,452,613,428,545,447,635,350,582,559,471,466,400,407,604,478
2022-12-06,565,599,562,483,576,322,664,598,593,577,640,433,460,308,436,456,405,331,518,361
2022-12-07,387,607,384,564,490,462,670,569,599,567,467,360,577,411,472,587,446,434,333,299
2022-12-08,600,466,437,311,553,534,476,552,574,365,650,409,459,316,409,442,513,442,420,664
2022-12-09,660,458,567,542,577,448,675,590,413,432,524,519,621,498,521,707,414,557,462,377
2022-12-10,500,493,357,514,530,507,355,469,393,451,390,312,531,474,370,347,528,410,428,393
2022-12-11,603,502,500,369,549,390,539,339,444,474,424,297,475,373,595,439,448,479,309,378
2022-12-12,611,406,623,669,515,410,467,455,630,374,555,315,535,419,477,426,341,458,453,391
2022-12-13,449,366,571,335,616,479,506,419,323,659,524,422,657,474,399,377,403,663,455,440
2022-12-14,467,426,472,521,654,626,634,476,441,668,659,476,419,459,488,350,294,632,444,540
2022-12-15,487,644,497,399,485,630,511,604,417,294,373,485,475,471,429,356,364,415,536,550
2022-12-16,426,358,349,394,507,412,496,485,630,458,639,589,561,611,391,434,352,382,428,395
2022-12-17,479,712,620,716,476,493,781,492,384,483,432,288,565,303,421,515,385,411,405,540
2022-12-18,583,430,571,544,752,471,924,731,533,453,424,436,586,424,472,605,438,355,477,405
2022-12-19,452,484,465,577,506,468,518,508,650,447,539,420,659,337,503,409,387,426,460,598
2022-12-20,623,449,356,445,460,522,694,330,413,458,416,498,533,358,304,386,438,418,445,316
2022-12-21,622,381,415,655,725,483,716,469,356,481,555,358,416,411,701,474,399,391,514,526
2022-12-22,448,470,349,752,557,461,591,393,548,485,574,510,291,323,465,616,481,304,392,469
2022-12-23,496,484,380,395,368,409,625,389,610,732,340,410,556,215,299,477,515,452,431,349
2022-12-24,557,482,622,502,365,385,638,326,834,470,408,524,643,499,599,484,652,364,388,416
2022-12-25,409,463,507,589,595,465,547,447,497,473,530,474,585,517,464,554,246,326,417,598
2022-12-26,632,350,403,752,410,363,454,540,395,433,327,366,591,515,876,484,483,480,522,580
2022-12-27,466,423,521,583,481,465,423,314,569,496,463,441,348,341,372,498,674,444,368,614
2022-12-28,593,601,493,652,607,518,706,573,473,892,540,625,776,442,653,401,513,360,532,466
2022-12-29,599,391,433,417,462,474,412,365,464,317,488,363,544,432,340,423,412,470,481,450
2022-12-30,603,405,504,634,473,403,554,409,520,348,537,410,294,469,562,436,504,396,423,308
2022-12-31,440,491,506,475,587,481,489,298,554,409,465,259,503,372,603,536,419,511,331,244
2023-01-01,502,438,438,471,699,720,604,370,502,483,429,361,475,523,451,543,351,508,389,411
2023-01-02,762,572,494,631,714,505,450,494,652,508,682,477,539,379,518,555,435,442,485,371
2023-01-03,450,472,517,787,331,753,567,473,505,445,364,405,654,338,491,528,577,573,506,334
2023-01-04,539,355,517,491,249,502,615,570,506,399,504,473,411,517,442,324,624,575,388,330
2023-01-05,282,337,528,453,686,679,462,517,604,562,271,282,538,490,317,389,472,370,448,276
2023-01-06,458,495,416,462,529,470,545,589,480,648,478,414,498,373,312,562,404,390,431,370
2023-01-07,547,537,491,727,628,399,448,168,478,368,472,573,603,504,502,477,534,386,377,321
2023-01-08,522,654,574,523,505,410,502,595,552,519,488,482,615,400,639,441,326,467,413,265
2023-01-09,315,365,455,537,505,488,582,413,331,350,400,453,522,511,366,602,401,560,469,457
2023-01-10,581,524,593,419,548,557,496,598,535,511,415,587,540,399,637,458,366,495,457,515
2023-01-11,699,521,517,414,641,657,668,527,533,431,355,485,409,469,492,376,593,511,353,371
2023-01-12,502,405,376,570,429,309,695,503,447,445,616,361,570,548,364,393,425,472,505,300
2023-01-13,551,506,590,392,524,384,482,489,811,537,425,460,709,655,501,418,421,382,554,322
2023-01-14,359,604,499,478,828,410,548,475,382,457,390,369,481,425,647,461,425,507,471,367
2023-01-15,422,471,752,468,510,316,472,373,403,409,597,308,535,395,518,469,468,488,421,514
2023-01-16,576,423,495,451,618,435,511,407,558,486,596,477,500,365,452,529,391,454,396,524
2023-01-17,595,538,465,462,571,437,569,433,432,483,594,516,556,403,457,541,421,451,531,301
2023-01-18,414,397,551,378,702,535,315,439,554,431,592,502,701,631,629,667,316,618,556,375
2023-01-19,463,495,603,499,849,639,371,504,610,557,505,326,524,451,478,562,315,442,468,456
2023-01-20,420,751,436,734,540,454,685,557,744,664,446,457,346,613,574,555,458,409,425,462
2023-01-21,449,399,373,377,584,827,487,360,652,397,382,502,467,407,358,580,438,367,597,393
2023-01-22,592,503,744,507,504,592,551,475,619,356,735,419,485,459,545,751,301,388,398,337
2023-01-23,568,567,526,630,605,557,559,423,767,734,299,241,386,381,542,399,480,318,651,489
2023-01-24,462,466,475,515,623,411,314,408,544,431,565,555,345,632,413,516,431,538,411,296
2023-01-25,577,633,667,467,422,492,579,449,567,532,380,466,403,433,311,600,393,409,484,391
2023-01-26,594,470,585,489,602,473,556,361,623,483,457,459,432,240,493,465,485,295,331,452
2023-01-27,304,365,496,395,438,474,705,302,344,479,647,396,200,448,432,398,373,353,535,389
2023-01-28,527,519,590,421,458,332,540,445,453,721,346,417,432,330,398,500,459,520,471,291
2023-01-29,263,318,346,197,324,276,284,293,329,301,211,259,285,217,414,232,218,329,401,139
2023-01-30,344,366,280,268,213,391,363,286,369,266,272,197,318,276,324,304,208,308,381,247
2023-01-31,240,231,211,368,322,343,374,285,405,307,268,184,355,253,265,144,213,297,277,241
2023-02-01,396,290,229,276,236,359,374,252,531,215,376,311,234,289,348,236,131,457,363,207
2023-02-02,220,317,318,399,292,376,300,343,409,236,179,304,419,235,209,270,248,389,424,310
2023-02-03,276,369,310,294,247,459,256,366,403,375,331,185,501,220,378,235,216,400,270,182
2023-02-04,223,218,474,316,229,360,454,327,581,362,354,244,221,348,427,409,180,467,343,292
2023-02-05,193,432,295,343,342,364,404,396,480,309,386,210,294,212,255,239,243,244,379,353
2023-02-06,358,355,202,256,384,422,367,328,441,303,238,268,291,217,231,280,354,264,232,301
2023-02-07,370,255,235,380,324,242,262,238,366,305,313,229,264,278,324,367,227,232,339,200
2023-02-08,284,225,192,255,286,354,309,275,470,380,238,279,186,296,292,202,192,238,364,258
2023-02-09,289,405,358,405,454,294,353,247,432,379,421,236,312,184,349,418,299,261,408,232
2023-02-10,250,332,389,322,383,424,303,386,360,373,349,182,511,311,254,222,185,289,375,293
2023-02-11,321,279,268,357,350,246,235,285,484,184,341,209,242,195,273,336,277,238,251,287
2023-02-12,277,382,334,223,268,246,363,340,265,337,227,246,373,294,354,346,286,262,366,332
2023-02-13,239,365,447,296,355,408,392,241,417,259,407,238,298,247,308,364,154,247,362,149
2023-02-14,335,456,283,274,309,302,369,282,436,286,243,166,388,340,477,330,279,195,544,163
2023-02-15,252,466,329,387,333,303,228,269,491,352,306,220,321,335,307,362,301,266,425,269
2023-02-16,453,297,233,294,449,387,340,365,388,314,237,173,257,342,254,244,118,242,302,173
2023-02-17,261,363,385,349,201,292,363,379,437,309,214,253,272,209,464,258,202,405,255,287
2023-02-18,315,278,235,331,251,342,306,223,529,360,338,275,304,274,289,324,227,535,259,288
2023-02-19,332,373,251,340,277,312,372,389,369,397,367,218,430,310,298,312,252,428,329,368
2023-02-20,334,302,296,332,323,398,365,278,585,348,163,246,333,171,190,280,230,333,243,241
2023-02-21,284,304,234,231,249,370,248,258,364,317,320,222,199,286,311,250,264,312,368,159
2023-02-22,373,361,268,236,269,314,334,474,411,229,409,263,315,172,324,278,186,318,336,285
2023-02-23,368,484,168,467,258,268,442,278,454,249,329,185,357,140,229,207,208,252,494,209
2023-02-24,416,423,297,346,292,282,309,338,428,303,267,180,295,491,466,286,272,456,401,127
2023-02-25,314,227,318,263,430,223,257,394,373,499,307,194,212,355,235,229,183,338,262,161
2023-02-26,355,386,312,381,320,232,253,316,425,281,499,245,251,202,321,216,147,348,317,201
2023-02-27,213,368,447,228,391,238,385,382,442,334,344,326,447,372,246,367,225,297,405,211
2023-02-28,243,340,312,551,272,270,357,295,351,205,225,321,305,331,245,297,115,357,345,237
2023-03-01,607,634,396,486,565,469,682,371,413,317,408,315,396,587,524,577,264,332,426,357
2023-03-02,519,264,420,445,366,564,540,547,666,743,390,395,444,400,473,383,319,441,389,393
2023-03-03,500,411,495,427,542,409,415,475,419,364,629,474,712,601,744,290,411,565,432,285
2023-03-04,399,586,668,568,400,515,421,531,510,506,339,414,478,408,240,589,373,308,420,413
2023-03-05,596,328,411,479,584,502,431,451,517,413,347,477,565,538,574,545,282,263,570,452
2023-03-06,498,304,439,557,414,482,617,417,403,586,501,539,445,354,359,478,321,397,322,419
2023-03-07,437,637,476,467,531,636,508,442,557,410,551,367,657,553,547,481,268,534,451,272
2023-03-08,382,628,534,398,659,375,433,331,399,605,510,554,487,311,445,463,526,312,475,416
2023-03-09,579,654,641,643,451,473,472,552,483,501,394,545,557,464,458,745,377,469,504,374
2023-03-10,350,648,846,558,723,339,665,375,481,358,452,376,429,506,497,454,410,371,312,387
2023-03-11,531,375,429,472,586,508,442,395,414,603,372,405,835,341,446,318,467,295,291,379
2023-03-12,464,804,461,563,477,661,840,333,513,431,636,388,601,302,563,725,562,259,455,498
2023-03-13,639,562,404,649,615,439,405,500,507,415,425,574,516,397,429,377,538,475,394,252
2023-03-14,421,462,407,557,483,583,405,419,517,464,401,388,832,524,547,420,621,446,359,490
2023-03-15,686,786,575,568,649,400,858,379,664,569,451,442,706,494,398,479,614,385,477,456
2023-03-16,460,833,543,439,545,463,592,482,427,422,759,647,753,515,620,404,544,502,346,525
2023-03-17,340,483,610,635,474,531,609,315,463,493,553,416,764,284,580,392,350,437,302,564
2023-03-18,403,347,553,517,410,565,605,512,592,390,417,337,574,461,446,287,391,497,317,570
2023-03-19,509,558,386,475,509,428,726,389,664,515,549,460,633,462,539,454,378,280,590,317
2023-03-20,600,474,438,346,249,581,364,466,498,561,524,343,720,316,486,307,503,504,468,360
2023-03-21,450,465,507,425,536,425,716,395,568,456,370,451,508,351,416,548,516,349,370,271
2023-03-22,483,652,345,541,480,475,422,518,387,558,474,336,691,584,523,750,624,534,574,437
2023-03-23,445,339,424,726,563,501,475,473,532,644,458,343,493,393,465,519,428,483,409,584
2023-03-24,661,592,543,457,475,453,855,400,512,517,565,444,769,471,606,466,334,630,357,325
2023-03-25,520,488,513,504,486,712,509,395,657,607,592,357,599,459,477,423,523,500,472,441
2023-03-26,588,502,456,547,389,430,359,464,440,550,501,396,175,483,511,341,451,312,324,364
2023-03-27,472,443,504,483,435,598,532,401,395,408,350,326,414,610,418,498,505,380,580,501
2023-03-28,464,476,460,416,480,596,652,385,480,467,452,325,595,331,623,407,321,422,553,375
2023-03-29,387,665,434,611,456,461,434,427,645,496,546,329,489,357,368,405,452,334,478,453
2023-03-30,442,532,498,269,400,573,479,404,387,494,458,446,489,426,429,471,392,347,316,373
2023-03-31,374,582,498,397,492,474,699,392,455,452,540,458,462,483,410,547,502,343,488,373
2023-04-01,492,555,371,358,599,473,546,581,552,433,334,351,510,465,644,330,411,339,382,603
2023-04-02,523,700,481,503,534,525,618,498,358,606,475,534,503,367,412,403,391,468,366,347
2023-04-03,504,521,408,701,373,681,495,515,495,453,304,414,394,392,309,372,412,363,435,377
2023-04-04,465,398,418,326,270,385,466,417,686,415,581,326,476,634,220,447,490,417,361,433
2023-04-05,333,401,378,532,657,315,555,457,512,532,366,577,606,403,294,383,571,464,503,404
2023-04-06,396,391,546,528,517,572,639,392,545,620,384,498,527,371,413,446,409,312,371,366
2023-04-07,470,447,584,465,409,475,618,403,643,797,310,325,609,406,427,464,489,329,567,340
2023-04-08,499,648,471,441,416,453,497,655,540,596,395,443,440,463,289,557,716,213,399,427
2023-04-09,585,415,512,552,412,477,506,492,482,426,595,354,683,437,436,386,403,330,514,422
2023-04-10,441,648,434,551,435,645,705,637,529,445,655,407,436,430,341,825,383,318,406,580
2023-04-11,470,572,590,453,394,452,812,452,341,469,489,462,404,481,315,420,317,453,558,337
2023-04-12,323,399,224,367,282,244,208,374,216,268,302,303,176,345,211,173,218,453,271,150
2023-04-13,273,342,306,397,376,291,333,457,357,329,301,333,346,218,272,280,386,257,214,151
2023-04-14,297,261,214,250,270,253,327,434,260,249,226,304,282,214,378,212,225,316,312,182
2023-04-15,448,294,386,312,334,418,271,278,364,252,242,224,314,266,260,229,244,329,444,250
2023-04-16,274,437,246,486,310,340,309,269,516,350,268,174,270,246,275,348,239,452,269,243
2023-04-17,321,337,417,327,287,260,292,314,531,316,263,283,270,215,305,408,200,351,325,131
2023-04-18,206,388,289,429,270,166,332,286,375,248,344,281,270,271,288,188,175,264,198,198
2023-04-19,290,198,266,312,378,292,358,392,381,332,226,163,392,175,282,253,167,348,381,174
2023-04-20,262,325,202,403,453,364,370,425,342,480,240,185,353,331,237,329,187,348,303,221
2023-04-21,408,320,237,410,265,336,321,420,451,245,391,216,238,263,224,348,232,368,244,206
2023-04-22,230,290,212,345,131,308,254,348,298,332,362,225,336,300,276,316,147,326,216,275
2023-04-23,384,301,367,283,637,238,419,337,385,373,264,278,458,332,361,329,229,371,429,156
2023-04-24,276,283,353,302,512,366,384,348,371,289,230,170,439,224,280,310,274,299,376,154
2023-04-25,410,336,218,324,575,308,291,275,377,269,239,165,288,235,248,406,329,311,427,196
2023-04-26,369,350,229,398,296,403,350,274,378,372,311,302,341,235,178,220,196,302,373,258
2023-04-27,367,294,348,235,316,184,250,293,298,375,200,264,357,197,211,252,218,359,158,223
2023-04-28,426,254,283,281,425,191,385,283,404,312,322,294,293,187,181,216,149,299,297,286
2023-04-29,443,330,276,312,394,312,266,315,381,312,278,197,191,297,322,247,237,231,327,249
2023-04-30,345,356,221,314,349,242,271,305,362,188,262,262,320,236,270,151,236,314,300,142
2023-05-01,286,297,317,398,257,242,549,324,306,260,378,198,322,218,368,248,131,254,321,258
2023-05-02,285,407,213,468,422,419,532,245,328,434,318,176,314,329,383,179,175,293,437,346
2023-05-03,367,264,226,364,231,235,233,256,391,292,164,261,252,247,385,210,101,293,305,259
2023-05-04,267,416,267,308,376,287,448,394,400,263,423,244,281,224,257,369,230,287,337,307
2023-05-05,403,516,364,354,201,493,256,278,488,182,210,206,325,194,222,141,169,291,322,244
2023-05-06,542,455,289,308,365,288,340,272,372,326,197,175,434,202,223,267,372,322,353,227
2023-05-07,408,419,318,315,420,308,218,257,384,388,427,207,388,244,348,372,200,425,202,168
2023-05-08,275,417,209,317,507,237,439,388,488,302,266,204,310,285,315,377,240,277,367,257
2023-05-09,287,377,177,300,216,192,262,243,466,285,291,187,396,252,298,395,193,205,399,164
2023-05-10,579,274,316,269,380,305,296,298,363,275,263,246,207,269,301,189,200,365,367,203
2023-05-11,422,533,307,386,328,271,322,242,311,185,372,260,379,195,427,219,230,368,347,152
2023-05-12,381,335,214,276,255,449,443,303,417,202,257,231,295,238,357,271,227,408,235,261
2023-05-13,455,500,409,553,461,455,440,405,515,419,353,321,618,431,457,508,379,428,427,356
2023-05-14,521,600,365,650,528,335,611,536,358,484,546,316,481,331,516,360,297,385,276,451
2023-05-15,496,539,483,533,492,373,454,484,479,507,478,603,343,480,257,437,332,475,509,451
2023-05-16,535,535,538,483,445,563,521,379,457,559,441,560,586,609,552,340,611,455,396,392
2023-05-17,554,557,530,489,488,347,446,643,451,526,557,455,691,409,532,425,669,443,585,388
2023-05-18,310,393,428,696,630,648,657,436,624,726,489,571,498,521,379,500,331,454,438,441
2023-05-19,595,580,524,527,711,412,418,447,514,594,280,611,526,542,400,633,463,407,382,499
2023-05-20,550,392,388,367,309,476,546,383,449,468,657,280,441,602,281,541,446,397,323,347
2023-05-21,602,465,557,460,618,555,700,488,492,399,352,521,724,530,583,647,488,362,386,388
2023-05-22,533,658,437,625,425,519,593,447,501,592,513,460,597,298,318,363,450,410,318,374
2023-05-23,572,474,514,392,680,469,508,472,588,378,349,531,432,445,423,328,431,359,388,281
2023-05-24,425,485,597,537,542,400,534,328,718,539,527,500,389,612,531,533,341,329,377,355
2023-05-25,468,440,716,331,320,462,545,384,528,405,467,290,613,403,436,652,597,559,481,440
2023-05-26,544,703,507,385,552,568,437,356,434,687,488,666,649,448,400,418,431,676,394,424
2023-05-27,564,356,383,492,502,577,494,456,456,386,400,415,518,467,476,464,506,417,416,445
2023-05-28,511,510,424,587,611,489,552,341,582,391,507,503,435,445,641,464,393,344,377,327
2023-05-29,395,402,454,500,539,403,513,592,681,430,392,311,442,489,525,557,481,392,321,334
2023-05-30,379,555,502,403,405,302,586,497,411,391,323,302,687,307,453,465,485,339,403,420
2023-05-31,491,433,437,382,503,553,532,434,477,595,377,379,429,402,464,344,419,370,387,335
2023-06-01,611,608,400,518,502,327,406,316,459,514,524,380,575,484,397,378,372,437,366,311
2023-06-02,353,604,425,605,559,594,394,469,338,384,387,573,583,505,508,368,446,418,444,375
2023-06-03,513,520,466,343,527,497,686,459,497,574,540,384,715,570,406,451,390,453,471,484
2023-06-04,755,592,427,653,619,614,847,470,620,433,367,322,721,526,463,390,429,475,419,344
2023-06-05,685,315,467,614,632,416,690,440,640,723,434,484,468,525,502,413,426,654,442,337
2023-06-06,728,628,497,609,539,561,502,541,869,315,462,419,656,663,365,481,307,474,402,356
2023-06-07,633,440,470,885,473,674,372,761,394,568,840,478,828,401,475,731,383,486,365,502
2023-06-08,609,505,544,602,435,440,489,423,522,467,424,369,491,455,568,409,565,317,344,381
2023-06-09,484,426,517,615,538,690,696,386,552,487,490,739,703,306,396,372,336,304,443,515
2023-06-10,435,471,382,531,493,280,681,394,552,482,323,583,650,565,643,414,459,382,611,319
2023-06-11,606,327,724,655,696,617,732,366,737,672,600,488,712,627,652,559,347,504,505,553
2023-06-12,434,438,436,580,804,545,779,394,549,468,285,599,553,445,499,543,365,453,263,404
2023-06-13,750,501,432,564,372,494,532,441,751,486,343,436,514,557,652,499,617,324,362,331
2023-06-14,560,638,360,572,558,533,474,631,618,579,308,475,638,483,623,479,267,520,320,450
2023-06-15,511,577,358,727,388,431,728,361,630,533,233,627,569,523,543,405,460,292,472,379
2023-06-16,581,538,645,498,735,592,587,446,502,571,348,485,637,489,790,650,504,552,560,322
2023-06-17,524,446,564,708,384,670,657,419,545,495,320,348,537,521,591,430,401,415,235,323
2023-06-18,749,454,537,493,604,453,544,413,496,491,246,561,652,571,414,459,286,493,335,277
2023-06-19,574,516,399,570,596,386,707,495,762,817,496,324,600,431,552,972,466,402,481,351
2023-06-20,751,731,587,585,638,807,924,597,452,680,384,420,659,668,493,505,415,360,465,347
2023-06-21,435,516,444,525,466,454,517,378,446,589,579,541,534,688,454,599,488,429,404,281
2023-06-22,756,603,619,746,524,489,478,527,423,486,297,387,408,633,561,504,387,382,410,285
2023-06-23,540,597,481,590,499,619,529,602,382,539,412,462,818,540,493,277,400,573,573,554
2023-06-24,541,447,515,655,596,467,520,692,307,628,448,385,364,379,452,340,322,565,427,385
2023-06-25,613,390,728,601,669,401,737,428,463,711,582,428,576,733,334,622,316,256,522,324
2023-06-26,424,700,505,750,515,507,709,416,433,615,528,417,808,519,634,372,342,399,409,334
2023-06-27,516,501,497,553,527,378,520,642,502,635,408,340,471,397,535,595,423,343,601,359
2023-06-28,540,635,456,764,458,611,305,747,530,498,536,664,414,452,459,314,473,479,393,513
2023-06-29,653,392,421,738,683,545,369,618,548,485,454,454,592,406,569,694,541,531,344,385
2023-06-30,415,513,514,500,616,344,523,604,401,439,476,303,427,427,376,387,420,457,489,359
2023-07-01,376,558,483,633,393,428,391,522,632,386,328,376,665,326,387,484,406,320,549,324
2023-07-02,769,365,332,556,670,530,471,599,551,636,585,473,601,508,632,620,509,586,516,447
2023-07-03,677,564,467,485,571,432,499,814,665,956,607,424,614,434,566,364,424,335,678,436
2023-07-04,758,700,465,420,540,553,691,620,465,740,594,482,489,492,956,332,395,442,372,386
2023-07-05,468,513,489,599,331,649,551,597,661,503,429,486,642,443,598,220,509,431,341,370
2023-07-06,432,458,434,885,649,330,724,332,882,542,447,334,440,448,563,219,228,326,417,432
2023-07-07,533,498,431,501,658,698,608,487,476,718,373,413,666,606,361,242,402,355,391,288
2023-07-08,750,622,774,702,573,580,805,683,595,857,609,499,476,343,616,479,526,515,339,515
2023-07-09,552,610,446,523,512,429,643,431,516,352,608,306,812,544,450,409,789,370,429,386
2023-07-10,564,657,395,587,494,344,517,467,662,460,448,505,561,372,659,361,765,328,354,472
2023-07-11,303,420,591,666,571,529,421,444,528,620,453,535,662,418,481,330,352,370,585,403
2023-07-12,557,602,423,494,627,583,532,546,741,520,546,439,609,413,494,391,558,436,569,305
2023-07-13,710,435,443,615,512,652,548,379,444,632,539,393,654,600,457,240,575,442,497,424
2023-07-14,523,541,548,806,731,434,621,418,518,345,376,455,592,421,490,429,367,442,693,351
2023-07-15,364,555,594,408,368,336,465,458,336,807,406,484,664,548,399,504,390,442,533,285
2023-07-16,393,425,322,900,512,437,594,446,464,595,426,453,487,499,560,486,470,439,503,339
2023-07-17,361,582,580,618,599,659,522,511,745,872,515,644,679,427,430,358,536,447,743,265
2023-07-18,468,505,386,519,658,330,719,433,617,603,431,398,515,495,415,488,397,251,621,292
2023-07-19,569,548,517,602,500,547,632,400,400,519,429,432,749,404,575,562,433,542,447,286
2023-07-20,467,550,341,665,462,429,509,489,450,302,515,455,473,513,446,552,360,567,524,394
2023-07-21,423,707,435,505,501,554,498,436,563,489,571,453,599,686,413,410,411,447,429,354
2023-07-22,537,353,521,534,528,575,670,561,673,453,409,348,670,559,407,585,389,424,443,393
2023-07-23,754,463,452,788,565,661,661,535,536,461,613,300,429,371,469,420,472,518,383,409
2023-07-24,338,406,487,481,300,455,760,571,554,614,668,355,572,464,420,422,438,399,603,330
2023-07-25,428,578,755,527,484,721,615,527,524,494,432,245,851,446,593,384,471,430,599,301
2023-07-26,737,495,435,853,604,603,571,272,467,645,559,304,641,747,501,690,440,457,671,496
2023-07-27,617,439,471,766,528,593,355,486,526,697,498,260,765,296,508,437,408,423,512,524
2023-07-28,566,611,570,572,452,720,590,638,734,616,522,347,883,595,510,399,459,358,553,439
2023-07-29,420,422,331,486,446,573,569,499,492,672,518,269,564,443,586,354,269,399,513,456
2023-07-30,702,645,384,593,487,469,642,447,417,432,452,274,673,467,720,562,328,507,536,517
2023-07-31,433,573,347,767,480,458,437,364,316,436,367,270,495,531,409,379,405,322,551,395
2023-08-01,672,364,586,593,475,508,662,476,482,546,703,570,490,496,775,704,560,455,423,370
2023-08-02,607,580,645,577,395,369,799,468,566,633,461,437,633,487,451,694,614,498,484,426
2023-08-03,570,478,263,939,747,519,425,381,538,734,514,364,647,447,561,562,476,514,428,339
2023-08-04,328,499,537,609,526,640,443,458,436,509,417,404,650,486,636,627,362,429,345,452
2023-08-05,543,439,444,615,595,475,566,573,577,628,580,289,503,584,502,667,342,518,441,458
2023-08-06,387,459,607,719,720,440,791,374,640,449,390,420,626,434,442,580,423,473,409,437
2023-08-07,463,542,641,484,521,573,303,365,531,425,327,441,595,495,423,422,318,533,359,403
2023-08-08,671,430,449,894,545,539,789,561,695,500,584,649,638,751,516,557,364,380,311,341
2023-08-09,393,757,540,617,439,524,520,581,524,772,557,495,675,464,377,495,320,426,361,619
2023-08-10,473,531,598,423,507,615,1163,742,458,637,608,492,1067,488,780,497,304,476,641,356
2023-08-11,629,566,564,612,669,523,696,451,484,617,632,377,435,663,379,465,534,533,481,460
2023-08-12,811,628,456,454,562,728,512,444,454,445,539,393,549,448,444,346,520,384,307,385
2023-08-13,510,782,530,511,383,510,381,488,548,530,410,401,692,679,706,400,608,342,238,354
2023-08-14,619,664,278,517,501,435,761,314,559,607,586,401,731,419,337,415,394,486,468,433
2023-08-15,589,641,504,695,564,613,415,355,519,513,465,684,814,540,529,425,418,478,433,367
2023-08-16,491,614,416,423,566,486,512,399,531,531,399,471,936,679,731,629,441,409,299,393
2023-08-17,711,448,377,917,392,480,765,519,633,593,366,460,768,577,411,432,447,472,284,300
2023-08-18,479,520,714,479,403,748,487,569,665,801,378,464,573,449,473,640,303,374,501,427
2023-08-19,444,509,319,835,523,774,429,494,675,446,544,478,468,397,506,313,265,425,474,376
2023-08-20,519,615,284,944,409,543,665,372,224,566,589,396,786,371,601,404,486,455,370,381
2023-08-21,451,426,592,638,517,435,619,405,579,444,345,439,430,647,359,624,457,523,409,444
2023-08-22,682,522,592,598,442,515,606,532,488,661,497,596,613,393,742,382,356,469,488,303
2023-08-23,391,676,655,871,461,409,761,268,449,689,453,475,756,358,360,426,447,479,352,310
2023-08-24,404,634,460,796,322,412,655,634,840,345,550,369,687,496,310,401,350,474,502,401
2023-08-25,491,563,452,549,491,343,666,534,410,647,511,466,427,426,537,455,553,463,435,480
2023-08-26,487,709,517,546,483,536,611,476,400,645,430,295,524,374,380,547,330,605,488,357
2023-08-27,633,492,619,758,476,632,753,383,676,577,615,563,560,518,508,276,458,566,315,400
2023-08-28,544,482,507,728,436,478,578,644,519,479,376,419,420,493,720,381,343,347,429,210
2023-08-29,601,480,407,544,504,439,552,509,480,562,440,358,614,348,399,356,385,403,415,326
2023-08-30,750,584,485,605,444,495,707,372,505,593,546,365,592,486,471,533,463,523,300,503
2023-08-31,448,416,487,426,494,523,515,427,575,495,376,370,669,424,501,373,350,512,331,339
2023-09-01,537,626,474,505,481,520,556,374,540,617,322,386,514,378,488,514,443,406,505,346
2023-09-02,447,584,422,431,469,452,455,434,319,328,579,407,607,355,374,339,392,339,385,299
2023-09-03,505,413,387,393,585,427,476,556,400,590,548,571,453,328,413,463,388,440,357,314
2023-09-04,435,491,439,515,347,438,453,407,432,523,436,501,563,727,390,380,352,439,468,273
2023-09-05,684,599,589,500,470,447,357,451,668,567,742,393,635,478,508,379,375,432,424,511
2023-09-06,412,449,544,416,483,434,534,427,537,481,436,414,416,275,547,582,486,689,364,390
2023-09-07,511,494,601,480,378,505,608,534,454,604,522,411,355,390,395,414,471,261,498,306
2023-09-08,445,413,524,395,353,589,653,343,412,405,640,421,534,332,441,463,381,525,365,326
2023-09-09,477,369,456,446,328,534,645,391,628,376,293,363,605,396,651,465,454,424,406,419
2023-09-10,547,533,558,432,403,401,440,583,466,480,389,528,529,324,543,516,552,309,377,497
2023-09-11,710,556,658,527,396,485,700,442,741,408,413,359,541,673,398,533,403,460,360,480
2023-09-12,460,402,363,500,637,372,521,575,578,485,530,274,428,298,390,459,453,385,370,258
2023-09-13,578,371,694,658,392,516,397,420,458,593,344,360,515,349,327,437,397,364,398,417
2023-09-14,659,467,466,424,451,370,572,463,452,519,574,407,409,415,656,488,310,446,499,423
2023-09-15,503,693,403,545,629,445,633,304,576,509,397,297,542,496,324,518,349,433,361,429
2023-09-16,412,449,348,719,482,404,474,383,469,515,573,347,686,268,380,500,429,372,404,343
2023-09-17,463,527,376,470,536,526,584,420,636,472,591,460,530,425,510,380,409,427,515,403
2023-09-18,456,409,502,545,376,434,527,363,560,517,346,622,523,584,412,395,422,344,390,446
2023-09-19,622,424,406,709,389,441,631,595,435,560,383,332,561,337,451,440,508,351,506,357
2023-09-20,487,461,480,452,337,406,431,422,376,456,529,382,328,454,324,512,335,419,455,550
2023-09-21,484,433,369,456,588,445,507,524,439,603,304,423,484,435,366,380,450,415,371,412
2023-09-22,521,437,258,471,666,490,502,621,448,443,465,467,587,491,606,403,561,496,451,348
2023-09-23,513,620,663,882,524,550,642,493,734,515,458,450,385,317,646,605,477,597,406,434
2023-09-24,619,537,321,444,440,311,463,365,428,479,393,315,582,450,314,377,329,451,471,390
2023-09-25,439,567,410,542,534,600,434,452,417,503,501,406,523,429,504,419,376,463,529,338
2023-09-26,435,459,456,366,584,496,416,390,607,379,381,407,486,537,439,432,591,307,279,413
2023-09-27,336,706,429,526,635,636,390,370,452,368,472,394,461,572,495,506,395,361,318,322
2023-09-28,511,467,439,672,449,492,507,454,371,485,441,464,386,483,663,473,393,454,405,332
2023-09-29,477,469,475,560,492,497,511,231,482,416,377,456,555,364,510,476,399,392,312,270
2023-09-30,414,319,405,394,317,377,577,285,438,400,397,388,377,432,404,379,298,301,416,405
2023-10-01,664,455,356,365,399,415,800,541,420,409,441,390,583,393,680,545,372,373,424,404
2023-10-02,693,550,662,633,495,323,508,615,614,592,444,506,636,501,334,634,428,557,363,306
2023-10-03,347,377,384,367,365,436,513,307,414,455,448,542,715,439,451,284,417,496,538,390
2023-10-04,483,532,566,646,478,561,403,492,506,661,354,301,390,390,337,464,379,363,468,367
2023-10-05,544,673,538,450,480,169,540,450,459,499,585,398,437,410,448,583,354,345,415,482
2023-10-06,564,433,690,489,441,554,731,408,362,430,342,303,478,487,618,580,270,518,372,284
2023-10-07,235,223,181,359,237,233,411,253,412,361,282,189,258,296,234,242,152,372,337,234
2023-10-08,284,512,300,323,265,175,241,355,452,271,318,153,300,299,326,227,232,358,493,166
2023-10-09,262,355,350,267,322,268,276,288,405,294,294,188,320,398,468,324,144,391,350,167
2023-10-10,190,231,337,319,281,334,270,303,284,252,347,264,324,211,370,264,258,435,189,151
2023-10-11,326,225,361,364,257,371,316,265,422,276,229,198,241,209,419,322,159,333,309,168
2023-10-12,379,401,247,246,291,308,278,284,321,405,277,294,367,364,531,300,244,422,406,248
2023-10-13,233,230,178,320,384,232,305,291,262,316,286,304,270,280,333,392,223,330,380,309
2023-10-14,248,458,203,243,335,324,243,280,399,377,228,245,313,262,312,269,136,483,298,149
2023-10-15,178,337,232,295,307,250,351,350,402,323,297,192,291,330,567,264,163,361,244,113
2023-10-16,227,288,225,292,307,305,269,256,363,323,300,249,386,180,267,228,143,376,295,230
2023-10-17,342,371,457,421,234,320,321,308,405,278,432,192,411,352,414,213,299,405,517,212
2023-10-18,180,299,362,410,220,299,359,356,450,311,230,259,347,307,259,189,208,415,362,169
2023-10-19,443,215,362,396,334,298,248,378,395,341,315,241,328,403,298,200,272,415,334,245
2023-10-20,444,314,257,495,230,252,274,305,325,352,268,268,348,242,302,258,166,479,199,154
2023-10-21,252,241,323,339,289,226,349,469,581,453,344,297,229,203,243,311,140,180,400,227
2023-10-22,270,235,326,408,299,267,339,402,419,420,337,183,364,255,255,169,143,290,316,157
2023-10-23,407,336,500,253,385,306,270,395,419,274,363,230,293,274,230,410,217,229,263,412
2023-10-24,169,196,343,294,237,207,290,269,393,263,242,217,252,120,311,209,253,279,355,218
2023-10-25,716,582,538,392,418,633,519,433,553,565,448,397,765,441,281,410,400,355,326,476
2023-10-26,448,451,369,613,558,361,411,398,657,458,501,420,343,338,251,422,561,399,493,341
2023-10-27,629,418,446,557,386,485,588,432,696,408,314,390,439,397,343,324,348,391,383,468
2023-10-28,498,580,399,539,602,496,521,465,786,451,482,389,389,401,486,750,504,430,377,280
2023-10-29,469,458,471,493,540,419,480,332,491,545,362,445,423,350,445,264,375,427,342,245
2023-10-30,639,421,388,374,421,433,411,463,352,457,462,334,470,405,280,372,316,300,436,362
2023-10-31,465,448,442,369,449,451,351,392,521,536,298,278,418,348,376,449,292,334,336,360
2023-11-01,586,422,466,479,732,514,379,479,382,459,528,495,650,394,483,493,379,352,527,349
2023-11-02,655,421,433,445,437,373,764,378,572,582,522,392,593,563,553,384,496,450,546,469
2023-11-03,638,471,414,488,531,492,569,547,584,563,455,301,495,378,495,489,369,440,301,406
2023-11-04,412,443,447,647,447,356,662,449,341,496,356,547,486,578,326,472,584,257,409,334
2023-11-05,468,453,424,401,722,471,657,392,509,451,392,315,601,430,418,534,348,357,351,321
2023-11-06,417,394,480,369,426,508,463,400,445,300,480,428,416,342,346,421,269,303,356,446
2023-11-07,540,445,453,479,470,299,913,460,399,436,492,433,368,367,429,517,466,402,384,467
2023-11-08,493,470,750,568,460,456,552,359,424,588,462,328,460,638,429,318,465,495,407,327
2023-11-09,475,501,387,461,414,586,775,464,527,540,375,463,358,491,411,410,450,504,337,348
2023-11-10,439,543,459,447,289,507,543,505,426,346,357,437,519,660,305,435,409,403,506,517
2023-11-11,373,377,457,721,430,594,577,443,582,517,534,475,469,657,540,438,404,507,322,224
2023-11-12,584,489,587,378,461,482,622,449,477,565,335,430,580,280,440,578,443,442,475,363
2023-11-13,459,392,497,502,552,670,692,454,493,406,443,290,496,333,375,391,456,314,435,428
2023-11-14,416,501,526,551,368,473,445,360,540,416,361,462,602,582,463,499,432,366,303,427
2023-11-15,410,748,739,489,392,556,468,472,405,591,298,367,451,555,464,306,468,494,472,367
2023-11-16,650,352,418,453,432,539,627,493,440,481,365,480,466,429,452,356,369,436,366,383
2023-11-17,405,406,392,515,467,417,604,411,492,421,724,487,169,411,369,460,311,350,430,364
2023-11-18,480,486,563,696,357,508,582,470,506,381,487,781,483,427,527,415,394,301,461,409
2023-11-19,564,458,467,674,679,472,634,333,472,751,371,446,363,410,412,408,368,435,375,270
2023-11-20,580,440,438,417,596,535,418,263,490,449,380,391,325,399,601,518,401,410,373,291
2023-11-21,404,446,448,523,372,417,621,354,520,366,491,419,428,366,653,569,445,403,560,281
2023-11-22,399,623,465,562,484,562,510,309,505,599,371,512,351,269,474,463,535,607,564,319
2023-11-23,446,296,544,508,608,448,616,392,424,622,381,698,553,360,510,516,461,410,364,219
2023-11-24,384,367,468,555,494,363,638,530,481,435,518,656,296,426,328,359,506,407,356,271
2023-11-25,457,512,507,444,483,394,484,336,545,340,516,589,404,245,341,558,265,446,377,348
2023-11-26,415,292,555,440,432,405,565,340,467,505,407,518,378,442,493,474,622,332,543,419
2023-11-27,437,468,591,461,557,646,484,500,384,467,460,418,621,526,667,395,326,290,574,268
2023-11-28,328,311,361,721,359,527,429,399,699,454,386,379,469,423,371,348,414,412,334,280
2023-11-29,449,457,587,525,384,562,623,408,456,460,479,528,503,358,459,449,343,415,422,330
2023-11-30,525,419,513,418,566,313,397,431,519,415,456,463,613,492,333,389,392,331,399,392
2023-12-01,398,622,623,632,586,413,335,363,547,514,607,321,500,409,440,607,385,363,462,339
2023-12-02,466,419,622,466,652,576,677,406,518,515,406,578,605,297,674,529,316,506,592,542
2023-12-03,399,468,549,475,356,575,505,400,573,532,485,420,478,501,481,596,407,536,391,356
2023-12-04,699,618,405,388,503,418,388,472,561,498,540,559,675,419,532,503,343,352,476,338
2023-12-05,406,511,493,508,597,545,272,550,634,310,552,316,539,389,384,426,320,442,538,397
2023-12-06,440,577,850,798,586,660,714,477,605,510,679,507,461,433,530,409,569,468,680,374
2023-12-07,577,392,498,661,365,541,524,432,814,672,648,407,505,230,294,699,330,466,475,385
2023-12-08,698,376,365,461,489,573,618,332,765,464,477,361,491,395,337,549,381,350,420,528
2023-12-09,270,423,495,653,350,551,532,360,588,589,287,462,461,547,324,381,319,494,377,306
2023-12-10,690,538,599,437,382,448,535,402,609,704,387,479,482,574,320,394,346,525,551,222
2023-12-11,443,292,509,545,365,409,457,280,592,378,464,560,594,465,313,384,347,390,419,561
2023-12-12,520,591,417,446,552,659,437,512,654,566,450,416,400,433,360,582,460,308,480,341
2023-12-13,572,556,555,495,310,552,605,446,1006,535,599,430,562,472,273,473,509,451,576,531
2023-12-14,442,582,506,501,600,586,345,615,493,514,488,356,453,706,392,393,505,531,322,415
2023-12-15,682,669,390,571,433,511,351,470,487,360,352,443,495,304,283,397,498,519,482,393
2023-12-16,456,684,654,589,445,423,444,381,423,353,401,370,306,592,718,381,384,305,429,423
2023-12-17,197,659,438,401,484,468,448,365,519,497,503,515,779,316,417,510,503,292,509,364
2023-12-18,517,597,562,545,513,543,542,493,719,584,575,504,621,419,383,478,305,343,401,638
2023-12-19,416,640,547,523,525,425,633,440,485,467,438,528,417,554,276,447,343,373,362,410
2023-12-20,472,551,403,385,366,403,426,572,511,606,515,325,542,524,385,269,479,498,281,403
2023-12-21,658,717,620,585,373,635,524,455,663,788,406,357,493,486,488,594,385,437,538,491
2023-12-22,407,599,446,807,627,412,448,449,442,435,419,499,471,313,474,581,614,487,313,540
2023-12-23,448,511,517,441,435,419,547,536,447,419,469,416,503,486,432,494,497,538,517,516
2023-12-24,793,671,403,641,532,465,961,650,421,602,414,374,571,692,398,388,407,377,382,349
2023-12-25,595,373,433,523,424,584,347,308,432,503,426,336,470,239,559,296,449,351,546,445
2023-12-26,663,372,291,420,545,428,461,561,576,563,712,404,383,465,385,720,433,397,527,381
2023-12-27,222,327,319,280,293,199,289,325,461,429,287,241,336,191,353,269,239,318,435,323
2023-12-28,388,326,403,397,267,294,315,367,342,366,260,203,214,210,333,257,217,306,332,232
2023-12-29,222,347,322,250,343,240,279,329,497,283,363,249,321,325,410,301,209,408,339,230
2023-12-30,215,302,160,312,280,222,316,339,313,356,252,147,224,231,263,278,207,307,283,309
2023-12-31,377,288,153,285,227,262,252,394,435,280,268,179,317,235,396,272,248,361,399,155
2024-01-01,224,394,298,304,284,291,309,208,394,426,364,134,266,320,370,245,187,425,413,174
2024-01-02,290,340,393,321,383,300,276,294,460,252,323,212,292,263,272,326,151,414,259,285
2024-01-03,339,415,306,314,476,308,294,338,360,263,371,276,297,258,357,275,174,366,307,174
2024-01-04,298,329,245,143,268,343,416,325,437,403,248,138,287,287,279,302,174,224,355,160
2024-01-05,216,255,312,379,334,264,245,389,415,453,499,228,363,377,363,164,193,372,336,441
2024-01-06,344,268,444,312,372,263,308,391,466,381,507,280,364,257,210,281,168,402,347,290
2024-01-07,298,363,233,415,281,302,230,272,278,418,241,288,363,257,420,340,200,283,331,190
2024-01-08,332,338,254,306,359,337,262,333,372,357,246,184,260,192,223,267,226,237,340,195
2024-01-09,471,433,292,396,417,526,427,437,516,464,353,618,420,384,507,467,303,278,461,363
2024-01-10,332,366,588,473,516,458,534,334,406,459,369,331,547,425,290,515,377,298,328,331
2024-01-11,679,423,480,668,397,426,365,568,589,478,791,400,332,336,365,387,301,444,394,500
2024-01-12,405,402,367,564,410,373,578,445,553,535,205,479,364,396,494,368,285,421,478,386
2024-01-13,753,413,341,479,434,391,586,486,606,478,649,459,392,478,542,685,566,312,574,302
2024-01-14,372,594,302,660,451,291,622,437,517,442,355,442,528,494,569,535,360,298,251,470
2024-01-15,478,359,348,587,433,435,462,371,389,550,676,436,427,455,530,302,468,332,308,325
2024-01-16,501,451,383,531,592,292,731,608,518,387,307,322,612,408,400,604,367,336,373,355
2024-01-17,349,361,278,493,526,260,382,576,635,512,512,425,640,319,371,401,487,473,390,346
2024-01-18,423,473,356,676,468,358,333,301,487,620,421,413,414,634,518,552,479,393,537,573
2024-01-19,558,196,338,519,605,282,294,508,439,410,447,320,480,456,415,222,376,424,408,293
2024-01-20,491,480,351,706,615,352,461,532,658,433,599,509,784,697,614,660,603,464,497,408
2024-01-21,399,249,253,628,573,346,414,490,633,497,427,364,366,444,528,496,436,446,363,211
2024-01-22,656,483,551,682,364,405,332,406,437,439,556,387,494,415,495,490,524,361,662,500
2024-01-23,348,307,365,433,390,534,283,445,426,450,568,499,483,457,413,546,280,412,353,378
2024-01-24,642,465,575,526,425,449,362,619,939,614,377,459,444,426,572,356,403,509,495,394
2024-01-25,427,440,573,526,676,692,579,535,416,408,397,338,694,359,570,622,440,538,455,343
2024-01-26,435,343,439,561,538,355,395,588,539,296,495,393,367,455,703,425,361,434,660,402
2024-01-27,464,485,455,544,542,501,542,487,574,440,310,451,578,507,690,368,440,491,359,370
2024-01-28,665,493,587,439,417,731,339,346,545,501,413,374,555,320,558,418,570,574,490,607
2024-01-29,476,481,517,443,420,408,502,576,285,496,453,437,395,405,388,437,439,469,380,395
2024-01-30,380,431,474,502,500,501,450,315,464,460,360,344,385,480,406,379,478,337,422,357
