epidemic_days,date,product,LightGBM
0,2024-01-03,P0007,597.3488003865839
0,2024-01-04,P0007,594.4690203561822
0,2024-01-05,P0007,547.5645540886728
0,2024-01-06,P0007,526.032590414323
0,2024-01-07,P0007,470.1508884904258
0,2024-01-08,P0007,513.7836245884087
0,2024-01-09,P0007,451.484394390714
0,2024-01-10,P0007,590.9648563428636
0,2024-01-11,P0007,484.1569419290064
0,2024-01-12,P0007,497.23869998667465
0,2024-01-13,P0007,659.5386924348879
0,2024-01-14,P0007,483.06096397061225
0,2024-01-15,P0007,523.1297865855047
0,2024-01-16,P0007,576.0659338669719
0,2024-01-17,P0007,603.0931634927509
0,2024-01-18,P0007,516.313572952967
0,2024-01-19,P0007,462.94804056927416
0,2024-01-20,P0007,701.4839935297248
0,2024-01-21,P0007,477.9167064707922
0,2024-01-22,P0007,525.9083252701664
0,2024-01-23,P0007,469.58761318571015
0,2024-01-24,P0007,480.66293539147114
0,2024-01-25,P0007,675.1150050827358
0,2024-01-26,P0007,500.68175982750387
0,2024-01-27,P0007,587.1623351510807
0,2024-01-28,P0007,510.2648566913915
0,2024-01-29,P0007,496.0033847499557
0,2024-01-30,P0007,463.313059628998
0,2024-01-03,P0013,474.2237147820569
0,2024-01-04,P0013,472.4206909528431
0,2024-01-05,P0013,668.1210643962723
0,2024-01-06,P0013,506.2347605308032
0,2024-01-07,P0013,594.0829856667459
0,2024-01-08,P0013,499.7898589095896
0,2024-01-09,P0013,564.5535364405681
0,2024-01-10,P0013,580.8698091540019
0,2024-01-11,P0013,477.2652636114055
0,2024-01-12,P0013,492.98739493357107
0,2024-01-13,P0013,507.37958946364296
0,2024-01-14,P0013,480.6913640197273
0,2024-01-15,P0013,505.5932309004809
0,2024-01-16,P0013,564.3425916458634
0,2024-01-17,P0013,589.3193301812058
0,2024-01-18,P0013,506.09284876048196
0,2024-01-19,P0013,458.76627421058055
0,2024-01-20,P0013,545.8912072081177
0,2024-01-21,P0013,459.96933895139335
0,2024-01-22,P0013,511.16804638925254
0,2024-01-23,P0013,584.4039401901522
0,2024-01-24,P0013,478.9017887904806
0,2024-01-25,P0013,661.5896682116086
0,2024-01-26,P0013,495.87738148845705
0,2024-01-27,P0013,588.1510504329854
0,2024-01-28,P0013,508.3648153988895
0,2024-01-29,P0013,481.9693085464964
0,2024-01-30,P0013,461.8778523043749
0,2024-01-03,P0004,470.9324863243699
0,2024-01-04,P0004,480.1092964655301
0,2024-01-05,P0004,530.6315558343194
0,2024-01-06,P0004,516.8905411840924
0,2024-01-07,P0004,484.33426526296597
0,2024-01-08,P0004,649.7084799279414
0,2024-01-09,P0004,453.48413423782864
0,2024-01-10,P0004,468.06266010424287
0,2024-01-11,P0004,611.6623928678888
0,2024-01-12,P0004,628.9177728701834
0,2024-01-13,P0004,512.7684480754326
0,2024-01-14,P0004,607.150634970199
0,2024-01-15,P0004,506.4348127338186
0,2024-01-16,P0004,567.1133808442611
0,2024-01-17,P0004,471.5037651306901
0,2024-01-18,P0004,639.6490850148576
0,2024-01-19,P0004,456.8971674048951
0,2024-01-20,P0004,690.3634733417767
0,2024-01-21,P0004,587.9159179740125
0,2024-01-22,P0004,520.9821980532502
0,2024-01-23,P0004,469.2337115662607
0,2024-01-24,P0004,479.94608835117003
0,2024-01-25,P0004,530.7925937879949
0,2024-01-26,P0004,638.3207823007721
0,2024-01-27,P0004,468.20845879530714
0,2024-01-28,P0004,640.0911466389247
0,2024-01-29,P0004,478.28460192574937
0,2024-01-30,P0004,452.1026357085884
1,2024-01-03,P0007,355.1750304144795
1,2024-01-04,P0007,594.4690203561822
1,2024-01-05,P0007,547.5645540886728
1,2024-01-06,P0007,526.032590414323
1,2024-01-07,P0007,470.1508884904258
1,2024-01-08,P0007,513.7836245884087
1,2024-01-09,P0007,451.484394390714
1,2024-01-10,P0007,590.9648563428636
1,2024-01-11,P0007,484.1569419290064
1,2024-01-12,P0007,497.23869998667465
1,2024-01-13,P0007,659.5386924348879
1,2024-01-14,P0007,483.06096397061225
1,2024-01-15,P0007,523.1297865855047
1,2024-01-16,P0007,576.0659338669719
1,2024-01-17,P0007,603.0931634927509
1,2024-01-18,P0007,516.313572952967
1,2024-01-19,P0007,462.94804056927416
1,2024-01-20,P0007,701.4839935297248
1,2024-01-21,P0007,477.9167064707922
1,2024-01-22,P0007,525.9083252701664
1,2024-01-23,P0007,469.58761318571015
1,2024-01-24,P0007,480.66293539147114
1,2024-01-25,P0007,675.1150050827358
1,2024-01-26,P0007,500.68175982750387
1,2024-01-27,P0007,587.1623351510807
1,2024-01-28,P0007,510.2648566913915
1,2024-01-29,P0007,496.0033847499557
1,2024-01-30,P0007,463.313059628998
1,2024-01-03,P0013,287.1651030559953
1,2024-01-04,P0013,472.4206909528431
1,2024-01-05,P0013,668.1210643962723
1,2024-01-06,P0013,506.2347605308032
1,2024-01-07,P0013,594.0829856667459
1,2024-01-08,P0013,499.7898589095896
1,2024-01-09,P0013,564.5535364405681
1,2024-01-10,P0013,580.8698091540019
1,2024-01-11,P0013,477.2652636114055
1,2024-01-12,P0013,492.98739493357107
1,2024-01-13,P0013,507.37958946364296
1,2024-01-14,P0013,480.6913640197273
1,2024-01-15,P0013,505.5932309004809
1,2024-01-16,P0013,564.3425916458634
1,2024-01-17,P0013,589.3193301812058
1,2024-01-18,P0013,506.09284876048196
1,2024-01-19,P0013,458.76627421058055
1,2024-01-20,P0013,545.8912072081177
1,2024-01-21,P0013,459.96933895139335
1,2024-01-22,P0013,511.16804638925254
1,2024-01-23,P0013,584.4039401901522
1,2024-01-24,P0013,478.9017887904806
1,2024-01-25,P0013,661.5896682116086
1,2024-01-26,P0013,495.87738148845705
1,2024-01-27,P0013,588.1510504329854
1,2024-01-28,P0013,508.3648153988895
1,2024-01-29,P0013,481.9693085464964
1,2024-01-30,P0013,461.8778523043749
1,2024-01-03,P0004,302.35376960409553
1,2024-01-04,P0004,480.1092964655301
1,2024-01-05,P0004,530.6315558343194
1,2024-01-06,P0004,516.8905411840924
1,2024-01-07,P0004,484.33426526296597
1,2024-01-08,P0004,649.7084799279414
1,2024-01-09,P0004,453.48413423782864
1,2024-01-10,P0004,468.06266010424287
1,2024-01-11,P0004,611.6623928678888
1,2024-01-12,P0004,628.9177728701834
1,2024-01-13,P0004,512.7684480754326
1,2024-01-14,P0004,607.150634970199
1,2024-01-15,P0004,506.4348127338186
1,2024-01-16,P0004,567.1133808442611
1,2024-01-17,P0004,471.5037651306901
1,2024-01-18,P0004,639.6490850148576
1,2024-01-19,P0004,456.8971674048951
1,2024-01-20,P0004,690.3634733417767
1,2024-01-21,P0004,587.9159179740125
1,2024-01-22,P0004,520.9821980532502
1,2024-01-23,P0004,469.2337115662607
1,2024-01-24,P0004,479.94608835117003
1,2024-01-25,P0004,530.7925937879949
1,2024-01-26,P0004,638.3207823007721
1,2024-01-27,P0004,468.20845879530714
1,2024-01-28,P0004,640.0911466389247
1,2024-01-29,P0004,478.28460192574937
1,2024-01-30,P0004,452.1026357085884
2,2024-01-03,P0007,355.1750304144795
2,2024-01-04,P0007,360.3779415397733
2,2024-01-05,P0007,547.5645540886728
2,2024-01-06,P0007,526.032590414323
2,2024-01-07,P0007,470.1508884904258
2,2024-01-08,P0007,513.7836245884087
2,2024-01-09,P0007,451.484394390714
2,2024-01-10,P0007,590.9648563428636
2,2024-01-11,P0007,484.1569419290064
2,2024-01-12,P0007,497.23869998667465
2,2024-01-13,P0007,659.5386924348879
2,2024-01-14,P0007,483.06096397061225
2,2024-01-15,P0007,523.1297865855047
2,2024-01-16,P0007,576.0659338669719
2,2024-01-17,P0007,603.0931634927509
2,2024-01-18,P0007,516.313572952967
2,2024-01-19,P0007,462.94804056927416
2,2024-01-20,P0007,701.4839935297248
2,2024-01-21,P0007,477.9167064707922
2,2024-01-22,P0007,525.9083252701664
2,2024-01-23,P0007,469.58761318571015
2,2024-01-24,P0007,480.66293539147114
2,2024-01-25,P0007,675.1150050827358
2,2024-01-26,P0007,500.68175982750387
2,2024-01-27,P0007,587.1623351510807
2,2024-01-28,P0007,510.2648566913915
2,2024-01-29,P0007,496.0033847499557
2,2024-01-30,P0007,463.313059628998
2,2024-01-03,P0013,287.1651030559953
2,2024-01-04,P0013,291.67260155680844
2,2024-01-05,P0013,668.1210643962723
2,2024-01-06,P0013,506.2347605308032
2,2024-01-07,P0013,594.0829856667459
2,2024-01-08,P0013,499.7898589095896
2,2024-01-09,P0013,564.5535364405681
2,2024-01-10,P0013,580.8698091540019
2,2024-01-11,P0013,477.2652636114055
2,2024-01-12,P0013,492.98739493357107
2,2024-01-13,P0013,507.37958946364296
2,2024-01-14,P0013,480.6913640197273
2,2024-01-15,P0013,505.5932309004809
2,2024-01-16,P0013,564.3425916458634
2,2024-01-17,P0013,589.3193301812058
2,2024-01-18,P0013,506.09284876048196
2,2024-01-19,P0013,458.76627421058055
2,2024-01-20,P0013,545.8912072081177
2,2024-01-21,P0013,459.96933895139335
2,2024-01-22,P0013,511.16804638925254
2,2024-01-23,P0013,584.4039401901522
2,2024-01-24,P0013,478.9017887904806
2,2024-01-25,P0013,661.5896682116086
2,2024-01-26,P0013,495.87738148845705
2,2024-01-27,P0013,588.1510504329854
2,2024-01-28,P0013,508.3648153988895
2,2024-01-29,P0013,481.9693085464964
2,2024-01-30,P0013,461.8778523043749
2,2024-01-03,P0004,302.35376960409553
2,2024-01-04,P0004,317.5118892371306
2,2024-01-05,P0004,530.6315558343194
2,2024-01-06,P0004,516.8905411840924
2,2024-01-07,P0004,484.33426526296597
2,2024-01-08,P0004,649.7084799279414
2,2024-01-09,P0004,453.48413423782864
2,2024-01-10,P0004,468.06266010424287
2,2024-01-11,P0004,611.6623928678888
2,2024-01-12,P0004,628.9177728701834
2,2024-01-13,P0004,512.7684480754326
2,2024-01-14,P0004,607.150634970199
2,2024-01-15,P0004,506.4348127338186
2,2024-01-16,P0004,567.1133808442611
2,2024-01-17,P0004,471.5037651306901
2,2024-01-18,P0004,639.6490850148576
2,2024-01-19,P0004,456.8971674048951
2,2024-01-20,P0004,690.3634733417767
2,2024-01-21,P0004,587.9159179740125
2,2024-01-22,P0004,520.9821980532502
2,2024-01-23,P0004,469.2337115662607
2,2024-01-24,P0004,479.94608835117003
2,2024-01-25,P0004,530.7925937879949
2,2024-01-26,P0004,638.3207823007721
2,2024-01-27,P0004,468.20845879530714
2,2024-01-28,P0004,640.0911466389247
2,2024-01-29,P0004,478.28460192574937
2,2024-01-30,P0004,452.1026357085884
3,2024-01-03,P0007,355.1750304144795
3,2024-01-04,P0007,360.3779415397733
3,2024-01-05,P0007,339.65660813338803
3,2024-01-06,P0007,526.032590414323
3,2024-01-07,P0007,470.1508884904258
3,2024-01-08,P0007,513.7836245884087
3,2024-01-09,P0007,451.484394390714
3,2024-01-10,P0007,590.9648563428636
3,2024-01-11,P0007,484.1569419290064
3,2024-01-12,P0007,497.23869998667465
3,2024-01-13,P0007,659.5386924348879
3,2024-01-14,P0007,483.06096397061225
3,2024-01-15,P0007,523.1297865855047
3,2024-01-16,P0007,576.0659338669719
3,2024-01-17,P0007,603.0931634927509
3,2024-01-18,P0007,516.313572952967
3,2024-01-19,P0007,462.94804056927416
3,2024-01-20,P0007,701.4839935297248
3,2024-01-21,P0007,477.9167064707922
3,2024-01-22,P0007,525.9083252701664
3,2024-01-23,P0007,469.58761318571015
3,2024-01-24,P0007,480.66293539147114
3,2024-01-25,P0007,675.1150050827358
3,2024-01-26,P0007,500.68175982750387
3,2024-01-27,P0007,587.1623351510807
3,2024-01-28,P0007,510.2648566913915
3,2024-01-29,P0007,496.0033847499557
3,2024-01-30,P0007,463.313059628998
3,2024-01-03,P0013,287.1651030559953
3,2024-01-04,P0013,291.67260155680844
3,2024-01-05,P0013,411.48405587106345
3,2024-01-06,P0013,506.2347605308032
3,2024-01-07,P0013,594.0829856667459
3,2024-01-08,P0013,499.7898589095896
3,2024-01-09,P0013,564.5535364405681
3,2024-01-10,P0013,580.8698091540019
3,2024-01-11,P0013,477.2652636114055
3,2024-01-12,P0013,492.98739493357107
3,2024-01-13,P0013,507.37958946364296
3,2024-01-14,P0013,480.6913640197273
3,2024-01-15,P0013,505.5932309004809
3,2024-01-16,P0013,564.3425916458634
3,2024-01-17,P0013,589.3193301812058
3,2024-01-18,P0013,506.09284876048196
3,2024-01-19,P0013,458.76627421058055
3,2024-01-20,P0013,545.8912072081177
3,2024-01-21,P0013,459.96933895139335
3,2024-01-22,P0013,511.16804638925254
3,2024-01-23,P0013,584.4039401901522
3,2024-01-24,P0013,478.9017887904806
3,2024-01-25,P0013,661.5896682116086
3,2024-01-26,P0013,495.87738148845705
3,2024-01-27,P0013,588.1510504329854
3,2024-01-28,P0013,508.3648153988895
3,2024-01-29,P0013,481.9693085464964
3,2024-01-30,P0013,461.8778523043749
3,2024-01-03,P0004,302.35376960409553
3,2024-01-04,P0004,317.5118892371306
3,2024-01-05,P0004,343.4100650370722
3,2024-01-06,P0004,516.8905411840924
3,2024-01-07,P0004,484.33426526296597
3,2024-01-08,P0004,649.7084799279414
3,2024-01-09,P0004,453.48413423782864
3,2024-01-10,P0004,468.06266010424287
3,2024-01-11,P0004,611.6623928678888
3,2024-01-12,P0004,628.9177728701834
3,2024-01-13,P0004,512.7684480754326
3,2024-01-14,P0004,607.150634970199
3,2024-01-15,P0004,506.4348127338186
3,2024-01-16,P0004,567.1133808442611
3,2024-01-17,P0004,471.5037651306901
3,2024-01-18,P0004,639.6490850148576
3,2024-01-19,P0004,456.8971674048951
3,2024-01-20,P0004,690.3634733417767
3,2024-01-21,P0004,587.9159179740125
3,2024-01-22,P0004,520.9821980532502
3,2024-01-23,P0004,469.2337115662607
3,2024-01-24,P0004,479.94608835117003
3,2024-01-25,P0004,530.7925937879949
3,2024-01-26,P0004,638.3207823007721
3,2024-01-27,P0004,468.20845879530714
3,2024-01-28,P0004,640.0911466389247
3,2024-01-29,P0004,478.28460192574937
3,2024-01-30,P0004,452.1026357085884
4,2024-01-03,P0007,355.1750304144795
4,2024-01-04,P0007,360.3779415397733
4,2024-01-05,P0007,339.65660813338803
4,2024-01-06,P0007,308.7908765968896
4,2024-01-07,P0007,470.1508884904258
4,2024-01-08,P0007,513.7836245884087
4,2024-01-09,P0007,451.484394390714
4,2024-01-10,P0007,590.9648563428636
4,2024-01-11,P0007,484.1569419290064
4,2024-01-12,P0007,497.23869998667465
4,2024-01-13,P0007,659.5386924348879
4,2024-01-14,P0007,483.06096397061225
4,2024-01-15,P0007,523.1297865855047
4,2024-01-16,P0007,576.0659338669719
4,2024-01-17,P0007,603.0931634927509
4,2024-01-18,P0007,516.313572952967
4,2024-01-19,P0007,462.94804056927416
4,2024-01-20,P0007,701.4839935297248
4,2024-01-21,P0007,477.9167064707922
4,2024-01-22,P0007,525.9083252701664
4,2024-01-23,P0007,469.58761318571015
4,2024-01-24,P0007,480.66293539147114
4,2024-01-25,P0007,675.1150050827358
4,2024-01-26,P0007,500.68175982750387
4,2024-01-27,P0007,587.1623351510807
4,2024-01-28,P0007,510.2648566913915
4,2024-01-29,P0007,496.0033847499557
4,2024-01-30,P0007,463.313059628998
4,2024-01-03,P0013,287.1651030559953
4,2024-01-04,P0013,291.67260155680844
4,2024-01-05,P0013,411.48405587106345
4,2024-01-06,P0013,297.28625907262665
4,2024-01-07,P0013,594.0829856667459
4,2024-01-08,P0013,499.7898589095896
4,2024-01-09,P0013,564.5535364405681
4,2024-01-10,P0013,580.8698091540019
4,2024-01-11,P0013,477.2652636114055
4,2024-01-12,P0013,492.98739493357107
4,2024-01-13,P0013,507.37958946364296
4,2024-01-14,P0013,480.6913640197273
4,2024-01-15,P0013,505.5932309004809
4,2024-01-16,P0013,564.3425916458634
4,2024-01-17,P0013,589.3193301812058
4,2024-01-18,P0013,506.09284876048196
4,2024-01-19,P0013,458.76627421058055
4,2024-01-20,P0013,545.8912072081177
4,2024-01-21,P0013,459.96933895139335
4,2024-01-22,P0013,511.16804638925254
4,2024-01-23,P0013,584.4039401901522
4,2024-01-24,P0013,478.9017887904806
4,2024-01-25,P0013,661.5896682116086
4,2024-01-26,P0013,495.87738148845705
4,2024-01-27,P0013,588.1510504329854
4,2024-01-28,P0013,508.3648153988895
4,2024-01-29,P0013,481.9693085464964
4,2024-01-30,P0013,461.8778523043749
4,2024-01-03,P0004,302.35376960409553
4,2024-01-04,P0004,317.5118892371306
4,2024-01-05,P0004,343.4100650370722
4,2024-01-06,P0004,328.5089677593914
4,2024-01-07,P0004,484.33426526296597
4,2024-01-08,P0004,649.7084799279414
4,2024-01-09,P0004,453.48413423782864
4,2024-01-10,P0004,468.06266010424287
4,2024-01-11,P0004,611.6623928678888
4,2024-01-12,P0004,628.9177728701834
4,2024-01-13,P0004,512.7684480754326
4,2024-01-14,P0004,607.150634970199
4,2024-01-15,P0004,506.4348127338186
4,2024-01-16,P0004,567.1133808442611
4,2024-01-17,P0004,471.5037651306901
4,2024-01-18,P0004,639.6490850148576
4,2024-01-19,P0004,456.8971674048951
4,2024-01-20,P0004,690.3634733417767
4,2024-01-21,P0004,587.9159179740125
4,2024-01-22,P0004,520.9821980532502
4,2024-01-23,P0004,469.2337115662607
4,2024-01-24,P0004,479.94608835117003
4,2024-01-25,P0004,530.7925937879949
4,2024-01-26,P0004,638.3207823007721
4,2024-01-27,P0004,468.20845879530714
4,2024-01-28,P0004,640.0911466389247
4,2024-01-29,P0004,478.28460192574937
4,2024-01-30,P0004,452.1026357085884
5,2024-01-03,P0007,355.1750304144795
5,2024-01-04,P0007,360.3779415397733
5,2024-01-05,P0007,339.65660813338803
5,2024-01-06,P0007,308.7908765968896
5,2024-01-07,P0007,287.5438643341129
5,2024-01-08,P0007,513.7836245884087
5,2024-01-09,P0007,451.484394390714
5,2024-01-10,P0007,590.9648563428636
5,2024-01-11,P0007,484.1569419290064
5,2024-01-12,P0007,497.23869998667465
5,2024-01-13,P0007,659.5386924348879
5,2024-01-14,P0007,483.06096397061225
5,2024-01-15,P0007,523.1297865855047
5,2024-01-16,P0007,576.0659338669719
5,2024-01-17,P0007,603.0931634927509
5,2024-01-18,P0007,516.313572952967
5,2024-01-19,P0007,462.94804056927416
5,2024-01-20,P0007,701.4839935297248
5,2024-01-21,P0007,477.9167064707922
5,2024-01-22,P0007,525.9083252701664
5,2024-01-23,P0007,469.58761318571015
5,2024-01-24,P0007,480.66293539147114
5,2024-01-25,P0007,675.1150050827358
5,2024-01-26,P0007,500.68175982750387
5,2024-01-27,P0007,587.1623351510807
5,2024-01-28,P0007,510.2648566913915
5,2024-01-29,P0007,496.0033847499557
5,2024-01-30,P0007,463.313059628998
5,2024-01-03,P0013,287.1651030559953
5,2024-01-04,P0013,291.67260155680844
5,2024-01-05,P0013,411.48405587106345
5,2024-01-06,P0013,297.28625907262665
5,2024-01-07,P0013,366.3004247666801
5,2024-01-08,P0013,499.7898589095896
5,2024-01-09,P0013,564.5535364405681
5,2024-01-10,P0013,580.8698091540019
5,2024-01-11,P0013,477.2652636114055
5,2024-01-12,P0013,492.98739493357107
5,2024-01-13,P0013,507.37958946364296
5,2024-01-14,P0013,480.6913640197273
5,2024-01-15,P0013,505.5932309004809
5,2024-01-16,P0013,564.3425916458634
5,2024-01-17,P0013,589.3193301812058
5,2024-01-18,P0013,506.09284876048196
5,2024-01-19,P0013,458.76627421058055
5,2024-01-20,P0013,545.8912072081177
5,2024-01-21,P0013,459.96933895139335
5,2024-01-22,P0013,511.16804638925254
5,2024-01-23,P0013,584.4039401901522
5,2024-01-24,P0013,478.9017887904806
5,2024-01-25,P0013,661.5896682116086
5,2024-01-26,P0013,495.87738148845705
5,2024-01-27,P0013,588.1510504329854
5,2024-01-28,P0013,508.3648153988895
5,2024-01-29,P0013,481.9693085464964
5,2024-01-30,P0013,461.8778523043749
5,2024-01-03,P0004,302.35376960409553
5,2024-01-04,P0004,317.5118892371306
5,2024-01-05,P0004,343.4100650370722
5,2024-01-06,P0004,328.5089677593914
5,2024-01-07,P0004,323.6643076454392
5,2024-01-08,P0004,649.7084799279414
5,2024-01-09,P0004,453.48413423782864
5,2024-01-10,P0004,468.06266010424287
5,2024-01-11,P0004,611.6623928678888
5,2024-01-12,P0004,628.9177728701834
5,2024-01-13,P0004,512.7684480754326
5,2024-01-14,P0004,607.150634970199
5,2024-01-15,P0004,506.4348127338186
5,2024-01-16,P0004,567.1133808442611
5,2024-01-17,P0004,471.5037651306901
5,2024-01-18,P0004,639.6490850148576
5,2024-01-19,P0004,456.8971674048951
5,2024-01-20,P0004,690.3634733417767
5,2024-01-21,P0004,587.9159179740125
5,2024-01-22,P0004,520.9821980532502
5,2024-01-23,P0004,469.2337115662607
5,2024-01-24,P0004,479.94608835117003
5,2024-01-25,P0004,530.7925937879949
5,2024-01-26,P0004,638.3207823007721
5,2024-01-27,P0004,468.20845879530714
5,2024-01-28,P0004,640.0911466389247
5,2024-01-29,P0004,478.28460192574937
5,2024-01-30,P0004,452.1026357085884
6,2024-01-03,P0007,355.1750304144795
6,2024-01-04,P0007,360.3779415397733
6,2024-01-05,P0007,339.65660813338803
6,2024-01-06,P0007,308.7908765968896
6,2024-01-07,P0007,287.5438643341129
6,2024-01-08,P0007,308.85244400376575
6,2024-01-09,P0007,451.484394390714
6,2024-01-10,P0007,590.9648563428636
6,2024-01-11,P0007,484.1569419290064
6,2024-01-12,P0007,497.23869998667465
6,2024-01-13,P0007,659.5386924348879
6,2024-01-14,P0007,483.06096397061225
6,2024-01-15,P0007,523.1297865855047
6,2024-01-16,P0007,576.0659338669719
6,2024-01-17,P0007,603.0931634927509
6,2024-01-18,P0007,516.313572952967
6,2024-01-19,P0007,462.94804056927416
6,2024-01-20,P0007,701.4839935297248
6,2024-01-21,P0007,477.9167064707922
6,2024-01-22,P0007,525.9083252701664
6,2024-01-23,P0007,469.58761318571015
6,2024-01-24,P0007,480.66293539147114
6,2024-01-25,P0007,675.1150050827358
6,2024-01-26,P0007,500.68175982750387
6,2024-01-27,P0007,587.1623351510807
6,2024-01-28,P0007,510.2648566913915
6,2024-01-29,P0007,496.0033847499557
6,2024-01-30,P0007,463.313059628998
6,2024-01-03,P0013,287.1651030559953
6,2024-01-04,P0013,291.67260155680844
6,2024-01-05,P0013,411.48405587106345
6,2024-01-06,P0013,297.28625907262665
6,2024-01-07,P0013,366.3004247666801
6,2024-01-08,P0013,305.00063511061444
6,2024-01-09,P0013,564.5535364405681
6,2024-01-10,P0013,580.8698091540019
6,2024-01-11,P0013,477.2652636114055
6,2024-01-12,P0013,492.98739493357107
6,2024-01-13,P0013,507.37958946364296
6,2024-01-14,P0013,480.6913640197273
6,2024-01-15,P0013,505.5932309004809
6,2024-01-16,P0013,564.3425916458634
6,2024-01-17,P0013,589.3193301812058
6,2024-01-18,P0013,506.09284876048196
6,2024-01-19,P0013,458.76627421058055
6,2024-01-20,P0013,545.8912072081177
6,2024-01-21,P0013,459.96933895139335
6,2024-01-22,P0013,511.16804638925254
6,2024-01-23,P0013,584.4039401901522
6,2024-01-24,P0013,478.9017887904806
6,2024-01-25,P0013,661.5896682116086
6,2024-01-26,P0013,495.87738148845705
6,2024-01-27,P0013,588.1510504329854
6,2024-01-28,P0013,508.3648153988895
6,2024-01-29,P0013,481.9693085464964
6,2024-01-30,P0013,461.8778523043749
6,2024-01-03,P0004,302.35376960409553
6,2024-01-04,P0004,317.5118892371306
6,2024-01-05,P0004,343.4100650370722
6,2024-01-06,P0004,328.5089677593914
6,2024-01-07,P0004,323.6643076454392
6,2024-01-08,P0004,426.055339665424
6,2024-01-09,P0004,453.48413423782864
6,2024-01-10,P0004,468.06266010424287
6,2024-01-11,P0004,611.6623928678888
6,2024-01-12,P0004,628.9177728701834
6,2024-01-13,P0004,512.7684480754326
6,2024-01-14,P0004,607.150634970199
6,2024-01-15,P0004,506.4348127338186
6,2024-01-16,P0004,567.1133808442611
6,2024-01-17,P0004,471.5037651306901
6,2024-01-18,P0004,639.6490850148576
6,2024-01-19,P0004,456.8971674048951
6,2024-01-20,P0004,690.3634733417767
6,2024-01-21,P0004,587.9159179740125
6,2024-01-22,P0004,520.9821980532502
6,2024-01-23,P0004,469.2337115662607
6,2024-01-24,P0004,479.94608835117003
6,2024-01-25,P0004,530.7925937879949
6,2024-01-26,P0004,638.3207823007721
6,2024-01-27,P0004,468.20845879530714
6,2024-01-28,P0004,640.0911466389247
6,2024-01-29,P0004,478.28460192574937
6,2024-01-30,P0004,452.1026357085884
7,2024-01-03,P0007,355.1750304144795
7,2024-01-04,P0007,360.3779415397733
7,2024-01-05,P0007,339.65660813338803
7,2024-01-06,P0007,308.7908765968896
7,2024-01-07,P0007,287.5438643341129
7,2024-01-08,P0007,308.85244400376575
7,2024-01-09,P0007,282.4511780809285
7,2024-01-10,P0007,590.9648563428636
7,2024-01-11,P0007,484.1569419290064
7,2024-01-12,P0007,497.23869998667465
7,2024-01-13,P0007,659.5386924348879
7,2024-01-14,P0007,483.06096397061225
7,2024-01-15,P0007,523.1297865855047
7,2024-01-16,P0007,576.0659338669719
7,2024-01-17,P0007,603.0931634927509
7,2024-01-18,P0007,516.313572952967
7,2024-01-19,P0007,462.94804056927416
7,2024-01-20,P0007,701.4839935297248
7,2024-01-21,P0007,477.9167064707922
7,2024-01-22,P0007,525.9083252701664
7,2024-01-23,P0007,469.58761318571015
7,2024-01-24,P0007,480.66293539147114
7,2024-01-25,P0007,675.1150050827358
7,2024-01-26,P0007,500.68175982750387
7,2024-01-27,P0007,587.1623351510807
7,2024-01-28,P0007,510.2648566913915
7,2024-01-29,P0007,496.0033847499557
7,2024-01-30,P0007,463.313059628998
7,2024-01-03,P0013,287.1651030559953
7,2024-01-04,P0013,291.67260155680844
7,2024-01-05,P0013,411.48405587106345
7,2024-01-06,P0013,297.28625907262665
7,2024-01-07,P0013,366.3004247666801
7,2024-01-08,P0013,305.00063511061444
7,2024-01-09,P0013,345.66126333873217
7,2024-01-10,P0013,580.8698091540019
7,2024-01-11,P0013,477.2652636114055
7,2024-01-12,P0013,492.98739493357107
7,2024-01-13,P0013,507.37958946364296
7,2024-01-14,P0013,480.6913640197273
7,2024-01-15,P0013,505.5932309004809
7,2024-01-16,P0013,564.3425916458634
7,2024-01-17,P0013,589.3193301812058
7,2024-01-18,P0013,506.09284876048196
7,2024-01-19,P0013,458.76627421058055
7,2024-01-20,P0013,545.8912072081177
7,2024-01-21,P0013,459.96933895139335
7,2024-01-22,P0013,511.16804638925254
7,2024-01-23,P0013,584.4039401901522
7,2024-01-24,P0013,478.9017887904806
7,2024-01-25,P0013,661.5896682116086
7,2024-01-26,P0013,495.87738148845705
7,2024-01-27,P0013,588.1510504329854
7,2024-01-28,P0013,508.3648153988895
7,2024-01-29,P0013,481.9693085464964
7,2024-01-30,P0013,461.8778523043749
7,2024-01-03,P0004,302.35376960409553
7,2024-01-04,P0004,317.5118892371306
7,2024-01-05,P0004,343.4100650370722
7,2024-01-06,P0004,328.5089677593914
7,2024-01-07,P0004,323.6643076454392
7,2024-01-08,P0004,426.055339665424
7,2024-01-09,P0004,303.72735418399697
7,2024-01-10,P0004,468.06266010424287
7,2024-01-11,P0004,611.6623928678888
7,2024-01-12,P0004,628.9177728701834
7,2024-01-13,P0004,512.7684480754326
7,2024-01-14,P0004,607.150634970199
7,2024-01-15,P0004,506.4348127338186
7,2024-01-16,P0004,567.1133808442611
7,2024-01-17,P0004,471.5037651306901
7,2024-01-18,P0004,639.6490850148576
7,2024-01-19,P0004,456.8971674048951
7,2024-01-20,P0004,690.3634733417767
7,2024-01-21,P0004,587.9159179740125
7,2024-01-22,P0004,520.9821980532502
7,2024-01-23,P0004,469.2337115662607
7,2024-01-24,P0004,479.94608835117003
7,2024-01-25,P0004,530.7925937879949
7,2024-01-26,P0004,638.3207823007721
7,2024-01-27,P0004,468.20845879530714
7,2024-01-28,P0004,640.0911466389247
7,2024-01-29,P0004,478.28460192574937
7,2024-01-30,P0004,452.1026357085884
8,2024-01-03,P0007,355.1750304144795
8,2024-01-04,P0007,360.3779415397733
8,2024-01-05,P0007,339.65660813338803
8,2024-01-06,P0007,308.7908765968896
8,2024-01-07,P0007,287.5438643341129
8,2024-01-08,P0007,308.85244400376575
8,2024-01-09,P0007,282.4511780809285
8,2024-01-10,P0007,356.90454796957476
8,2024-01-11,P0007,484.1569419290064
8,2024-01-12,P0007,497.23869998667465
8,2024-01-13,P0007,659.5386924348879
8,2024-01-14,P0007,483.06096397061225
8,2024-01-15,P0007,523.1297865855047
8,2024-01-16,P0007,576.0659338669719
8,2024-01-17,P0007,603.0931634927509
8,2024-01-18,P0007,516.313572952967
8,2024-01-19,P0007,462.94804056927416
8,2024-01-20,P0007,701.4839935297248
8,2024-01-21,P0007,477.9167064707922
8,2024-01-22,P0007,525.9083252701664
8,2024-01-23,P0007,469.58761318571015
8,2024-01-24,P0007,480.66293539147114
8,2024-01-25,P0007,675.1150050827358
8,2024-01-26,P0007,500.68175982750387
8,2024-01-27,P0007,587.1623351510807
8,2024-01-28,P0007,510.2648566913915
8,2024-01-29,P0007,496.0033847499557
8,2024-01-30,P0007,463.313059628998
8,2024-01-03,P0013,287.1651030559953
8,2024-01-04,P0013,291.67260155680844
8,2024-01-05,P0013,411.48405587106345
8,2024-01-06,P0013,297.28625907262665
8,2024-01-07,P0013,366.3004247666801
8,2024-01-08,P0013,305.00063511061444
8,2024-01-09,P0013,345.66126333873217
8,2024-01-10,P0013,353.22935543083094
8,2024-01-11,P0013,477.2652636114055
8,2024-01-12,P0013,492.98739493357107
8,2024-01-13,P0013,507.37958946364296
8,2024-01-14,P0013,480.6913640197273
8,2024-01-15,P0013,505.5932309004809
8,2024-01-16,P0013,564.3425916458634
8,2024-01-17,P0013,589.3193301812058
8,2024-01-18,P0013,506.09284876048196
8,2024-01-19,P0013,458.76627421058055
8,2024-01-20,P0013,545.8912072081177
8,2024-01-21,P0013,459.96933895139335
8,2024-01-22,P0013,511.16804638925254
8,2024-01-23,P0013,584.4039401901522
8,2024-01-24,P0013,478.9017887904806
8,2024-01-25,P0013,661.5896682116086
8,2024-01-26,P0013,495.87738148845705
8,2024-01-27,P0013,588.1510504329854
8,2024-01-28,P0013,508.3648153988895
8,2024-01-29,P0013,481.9693085464964
8,2024-01-30,P0013,461.8778523043749
8,2024-01-03,P0004,302.35376960409553
8,2024-01-04,P0004,317.5118892371306
8,2024-01-05,P0004,343.4100650370722
8,2024-01-06,P0004,328.5089677593914
8,2024-01-07,P0004,323.6643076454392
8,2024-01-08,P0004,426.055339665424
8,2024-01-09,P0004,303.72735418399697
8,2024-01-10,P0004,305.33834786777436
8,2024-01-11,P0004,611.6623928678888
8,2024-01-12,P0004,628.9177728701834
8,2024-01-13,P0004,512.7684480754326
8,2024-01-14,P0004,607.150634970199
8,2024-01-15,P0004,506.4348127338186
8,2024-01-16,P0004,567.1133808442611
8,2024-01-17,P0004,471.5037651306901
8,2024-01-18,P0004,639.6490850148576
8,2024-01-19,P0004,456.8971674048951
8,2024-01-20,P0004,690.3634733417767
8,2024-01-21,P0004,587.9159179740125
8,2024-01-22,P0004,520.9821980532502
8,2024-01-23,P0004,469.2337115662607
8,2024-01-24,P0004,479.94608835117003
8,2024-01-25,P0004,530.7925937879949
8,2024-01-26,P0004,638.3207823007721
8,2024-01-27,P0004,468.20845879530714
8,2024-01-28,P0004,640.0911466389247
8,2024-01-29,P0004,478.28460192574937
8,2024-01-30,P0004,452.1026357085884
9,2024-01-03,P0007,355.1750304144795
9,2024-01-04,P0007,360.3779415397733
9,2024-01-05,P0007,339.65660813338803
9,2024-01-06,P0007,308.7908765968896
9,2024-01-07,P0007,287.5438643341129
9,2024-01-08,P0007,308.85244400376575
9,2024-01-09,P0007,282.4511780809285
9,2024-01-10,P0007,356.90454796957476
9,2024-01-11,P0007,302.305373345226
9,2024-01-12,P0007,497.23869998667465
9,2024-01-13,P0007,659.5386924348879
9,2024-01-14,P0007,483.06096397061225
9,2024-01-15,P0007,523.1297865855047
9,2024-01-16,P0007,576.0659338669719
9,2024-01-17,P0007,603.0931634927509
9,2024-01-18,P0007,516.313572952967
9,2024-01-19,P0007,462.94804056927416
9,2024-01-20,P0007,701.4839935297248
9,2024-01-21,P0007,477.9167064707922
9,2024-01-22,P0007,525.9083252701664
9,2024-01-23,P0007,469.58761318571015
9,2024-01-24,P0007,480.66293539147114
9,2024-01-25,P0007,675.1150050827358
9,2024-01-26,P0007,500.68175982750387
9,2024-01-27,P0007,587.1623351510807
9,2024-01-28,P0007,510.2648566913915
9,2024-01-29,P0007,496.0033847499557
9,2024-01-30,P0007,463.313059628998
9,2024-01-03,P0013,287.1651030559953
9,2024-01-04,P0013,291.67260155680844
9,2024-01-05,P0013,411.48405587106345
9,2024-01-06,P0013,297.28625907262665
9,2024-01-07,P0013,366.3004247666801
9,2024-01-08,P0013,305.00063511061444
9,2024-01-09,P0013,345.66126333873217
9,2024-01-10,P0013,353.22935543083094
9,2024-01-11,P0013,299.36516087804296
9,2024-01-12,P0013,492.98739493357107
9,2024-01-13,P0013,507.37958946364296
9,2024-01-14,P0013,480.6913640197273
9,2024-01-15,P0013,505.5932309004809
9,2024-01-16,P0013,564.3425916458634
9,2024-01-17,P0013,589.3193301812058
9,2024-01-18,P0013,506.09284876048196
9,2024-01-19,P0013,458.76627421058055
9,2024-01-20,P0013,545.8912072081177
9,2024-01-21,P0013,459.96933895139335
9,2024-01-22,P0013,511.16804638925254
9,2024-01-23,P0013,584.4039401901522
9,2024-01-24,P0013,478.9017887904806
9,2024-01-25,P0013,661.5896682116086
9,2024-01-26,P0013,495.87738148845705
9,2024-01-27,P0013,588.1510504329854
9,2024-01-28,P0013,508.3648153988895
9,2024-01-29,P0013,481.9693085464964
9,2024-01-30,P0013,461.8778523043749
9,2024-01-03,P0004,302.35376960409553
9,2024-01-04,P0004,317.5118892371306
9,2024-01-05,P0004,343.4100650370722
9,2024-01-06,P0004,328.5089677593914
9,2024-01-07,P0004,323.6643076454392
9,2024-01-08,P0004,426.055339665424
9,2024-01-09,P0004,303.72735418399697
9,2024-01-10,P0004,305.33834786777436
9,2024-01-11,P0004,405.72003566257996
9,2024-01-12,P0004,628.9177728701834
9,2024-01-13,P0004,512.7684480754326
9,2024-01-14,P0004,607.150634970199
9,2024-01-15,P0004,506.4348127338186
9,2024-01-16,P0004,567.1133808442611
9,2024-01-17,P0004,471.5037651306901
9,2024-01-18,P0004,639.6490850148576
9,2024-01-19,P0004,456.8971674048951
9,2024-01-20,P0004,690.3634733417767
9,2024-01-21,P0004,587.9159179740125
9,2024-01-22,P0004,520.9821980532502
9,2024-01-23,P0004,469.2337115662607
9,2024-01-24,P0004,479.94608835117003
9,2024-01-25,P0004,530.7925937879949
9,2024-01-26,P0004,638.3207823007721
9,2024-01-27,P0004,468.20845879530714
9,2024-01-28,P0004,640.0911466389247
9,2024-01-29,P0004,478.28460192574937
9,2024-01-30,P0004,452.1026357085884
10,2024-01-03,P0007,355.1750304144795
10,2024-01-04,P0007,360.3779415397733
10,2024-01-05,P0007,339.65660813338803
10,2024-01-06,P0007,308.7908765968896
10,2024-01-07,P0007,287.5438643341129
10,2024-01-08,P0007,308.85244400376575
10,2024-01-09,P0007,282.4511780809285
10,2024-01-10,P0007,356.90454796957476
10,2024-01-11,P0007,302.305373345226
10,2024-01-12,P0007,294.69198798782986
10,2024-01-13,P0007,659.5386924348879
10,2024-01-14,P0007,483.06096397061225
10,2024-01-15,P0007,523.1297865855047
10,2024-01-16,P0007,576.0659338669719
10,2024-01-17,P0007,603.0931634927509
10,2024-01-18,P0007,516.313572952967
10,2024-01-19,P0007,462.94804056927416
10,2024-01-20,P0007,701.4839935297248
10,2024-01-21,P0007,477.9167064707922
10,2024-01-22,P0007,525.9083252701664
10,2024-01-23,P0007,469.58761318571015
10,2024-01-24,P0007,480.66293539147114
10,2024-01-25,P0007,675.1150050827358
10,2024-01-26,P0007,500.68175982750387
10,2024-01-27,P0007,587.1623351510807
10,2024-01-28,P0007,510.2648566913915
10,2024-01-29,P0007,496.0033847499557
10,2024-01-30,P0007,463.313059628998
10,2024-01-03,P0013,287.1651030559953
10,2024-01-04,P0013,291.67260155680844
10,2024-01-05,P0013,411.48405587106345
10,2024-01-06,P0013,297.28625907262665
10,2024-01-07,P0013,366.3004247666801
10,2024-01-08,P0013,305.00063511061444
10,2024-01-09,P0013,345.66126333873217
10,2024-01-10,P0013,353.22935543083094
10,2024-01-11,P0013,299.36516087804296
10,2024-01-12,P0013,293.9146988736636
10,2024-01-13,P0013,507.37958946364296
10,2024-01-14,P0013,480.6913640197273
10,2024-01-15,P0013,505.5932309004809
10,2024-01-16,P0013,564.3425916458634
10,2024-01-17,P0013,589.3193301812058
10,2024-01-18,P0013,506.09284876048196
10,2024-01-19,P0013,458.76627421058055
10,2024-01-20,P0013,545.8912072081177
10,2024-01-21,P0013,459.96933895139335
10,2024-01-22,P0013,511.16804638925254
10,2024-01-23,P0013,584.4039401901522
10,2024-01-24,P0013,478.9017887904806
10,2024-01-25,P0013,661.5896682116086
10,2024-01-26,P0013,495.87738148845705
10,2024-01-27,P0013,588.1510504329854
10,2024-01-28,P0013,508.3648153988895
10,2024-01-29,P0013,481.9693085464964
10,2024-01-30,P0013,461.8778523043749
10,2024-01-03,P0004,302.35376960409553
10,2024-01-04,P0004,317.5118892371306
10,2024-01-05,P0004,343.4100650370722
10,2024-01-06,P0004,328.5089677593914
10,2024-01-07,P0004,323.6643076454392
10,2024-01-08,P0004,426.055339665424
10,2024-01-09,P0004,303.72735418399697
10,2024-01-10,P0004,305.33834786777436
10,2024-01-11,P0004,405.72003566257996
10,2024-01-12,P0004,404.4860448428528
10,2024-01-13,P0004,512.7684480754326
10,2024-01-14,P0004,607.150634970199
10,2024-01-15,P0004,506.4348127338186
10,2024-01-16,P0004,567.1133808442611
10,2024-01-17,P0004,471.5037651306901
10,2024-01-18,P0004,639.6490850148576
10,2024-01-19,P0004,456.8971674048951
10,2024-01-20,P0004,690.3634733417767
10,2024-01-21,P0004,587.9159179740125
10,2024-01-22,P0004,520.9821980532502
10,2024-01-23,P0004,469.2337115662607
10,2024-01-24,P0004,479.94608835117003
10,2024-01-25,P0004,530.7925937879949
10,2024-01-26,P0004,638.3207823007721
10,2024-01-27,P0004,468.20845879530714
10,2024-01-28,P0004,640.0911466389247
10,2024-01-29,P0004,478.28460192574937
10,2024-01-30,P0004,452.1026357085884
11,2024-01-03,P0007,355.1750304144795
11,2024-01-04,P0007,360.3779415397733
11,2024-01-05,P0007,339.65660813338803
11,2024-01-06,P0007,308.7908765968896
11,2024-01-07,P0007,287.5438643341129
11,2024-01-08,P0007,308.85244400376575
11,2024-01-09,P0007,282.4511780809285
11,2024-01-10,P0007,356.90454796957476
11,2024-01-11,P0007,302.305373345226
11,2024-01-12,P0007,294.69198798782986
11,2024-01-13,P0007,396.2407397877294
11,2024-01-14,P0007,483.06096397061225
11,2024-01-15,P0007,523.1297865855047
11,2024-01-16,P0007,576.0659338669719
11,2024-01-17,P0007,603.0931634927509
11,2024-01-18,P0007,516.313572952967
11,2024-01-19,P0007,462.94804056927416
11,2024-01-20,P0007,701.4839935297248
11,2024-01-21,P0007,477.9167064707922
11,2024-01-22,P0007,525.9083252701664
11,2024-01-23,P0007,469.58761318571015
11,2024-01-24,P0007,480.66293539147114
11,2024-01-25,P0007,675.1150050827358
11,2024-01-26,P0007,500.68175982750387
11,2024-01-27,P0007,587.1623351510807
11,2024-01-28,P0007,510.2648566913915
11,2024-01-29,P0007,496.0033847499557
11,2024-01-30,P0007,463.313059628998
11,2024-01-03,P0013,287.1651030559953
11,2024-01-04,P0013,291.67260155680844
11,2024-01-05,P0013,411.48405587106345
11,2024-01-06,P0013,297.28625907262665
11,2024-01-07,P0013,366.3004247666801
11,2024-01-08,P0013,305.00063511061444
11,2024-01-09,P0013,345.66126333873217
11,2024-01-10,P0013,353.22935543083094
11,2024-01-11,P0013,299.36516087804296
11,2024-01-12,P0013,293.9146988736636
11,2024-01-13,P0013,298.1094102073803
11,2024-01-14,P0013,480.6913640197273
11,2024-01-15,P0013,505.5932309004809
11,2024-01-16,P0013,564.3425916458634
11,2024-01-17,P0013,589.3193301812058
11,2024-01-18,P0013,506.09284876048196
11,2024-01-19,P0013,458.76627421058055
11,2024-01-20,P0013,545.8912072081177
11,2024-01-21,P0013,459.96933895139335
11,2024-01-22,P0013,511.16804638925254
11,2024-01-23,P0013,584.4039401901522
11,2024-01-24,P0013,478.9017887904806
11,2024-01-25,P0013,661.5896682116086
11,2024-01-26,P0013,495.87738148845705
11,2024-01-27,P0013,588.1510504329854
11,2024-01-28,P0013,508.3648153988895
11,2024-01-29,P0013,481.9693085464964
11,2024-01-30,P0013,461.8778523043749
11,2024-01-03,P0004,302.35376960409553
11,2024-01-04,P0004,317.5118892371306
11,2024-01-05,P0004,343.4100650370722
11,2024-01-06,P0004,328.5089677593914
11,2024-01-07,P0004,323.6643076454392
11,2024-01-08,P0004,426.055339665424
11,2024-01-09,P0004,303.72735418399697
11,2024-01-10,P0004,305.33834786777436
11,2024-01-11,P0004,405.72003566257996
11,2024-01-12,P0004,404.4860448428528
11,2024-01-13,P0004,323.0261235114655
11,2024-01-14,P0004,607.150634970199
11,2024-01-15,P0004,506.4348127338186
11,2024-01-16,P0004,567.1133808442611
11,2024-01-17,P0004,471.5037651306901
11,2024-01-18,P0004,639.6490850148576
11,2024-01-19,P0004,456.8971674048951
11,2024-01-20,P0004,690.3634733417767
11,2024-01-21,P0004,587.9159179740125
11,2024-01-22,P0004,520.9821980532502
11,2024-01-23,P0004,469.2337115662607
11,2024-01-24,P0004,479.94608835117003
11,2024-01-25,P0004,530.7925937879949
11,2024-01-26,P0004,638.3207823007721
11,2024-01-27,P0004,468.20845879530714
11,2024-01-28,P0004,640.0911466389247
11,2024-01-29,P0004,478.28460192574937
11,2024-01-30,P0004,452.1026357085884
12,2024-01-03,P0007,355.1750304144795
12,2024-01-04,P0007,360.3779415397733
12,2024-01-05,P0007,339.65660813338803
12,2024-01-06,P0007,308.7908765968896
12,2024-01-07,P0007,287.5438643341129
12,2024-01-08,P0007,308.85244400376575
12,2024-01-09,P0007,282.4511780809285
12,2024-01-10,P0007,356.90454796957476
12,2024-01-11,P0007,302.305373345226
12,2024-01-12,P0007,294.69198798782986
12,2024-01-13,P0007,396.2407397877294
12,2024-01-14,P0007,288.87390275924446
12,2024-01-15,P0007,523.1297865855047
12,2024-01-16,P0007,576.0659338669719
12,2024-01-17,P0007,603.0931634927509
12,2024-01-18,P0007,516.313572952967
12,2024-01-19,P0007,462.94804056927416
12,2024-01-20,P0007,701.4839935297248
12,2024-01-21,P0007,477.9167064707922
12,2024-01-22,P0007,525.9083252701664
12,2024-01-23,P0007,469.58761318571015
12,2024-01-24,P0007,480.66293539147114
12,2024-01-25,P0007,675.1150050827358
12,2024-01-26,P0007,500.68175982750387
12,2024-01-27,P0007,587.1623351510807
12,2024-01-28,P0007,510.2648566913915
12,2024-01-29,P0007,496.0033847499557
12,2024-01-30,P0007,463.313059628998
12,2024-01-03,P0013,287.1651030559953
12,2024-01-04,P0013,291.67260155680844
12,2024-01-05,P0013,411.48405587106345
12,2024-01-06,P0013,297.28625907262665
12,2024-01-07,P0013,366.3004247666801
12,2024-01-08,P0013,305.00063511061444
12,2024-01-09,P0013,345.66126333873217
12,2024-01-10,P0013,353.22935543083094
12,2024-01-11,P0013,299.36516087804296
12,2024-01-12,P0013,293.9146988736636
12,2024-01-13,P0013,298.1094102073803
12,2024-01-14,P0013,282.54683720422827
12,2024-01-15,P0013,505.5932309004809
12,2024-01-16,P0013,564.3425916458634
12,2024-01-17,P0013,589.3193301812058
12,2024-01-18,P0013,506.09284876048196
12,2024-01-19,P0013,458.76627421058055
12,2024-01-20,P0013,545.8912072081177
12,2024-01-21,P0013,459.96933895139335
12,2024-01-22,P0013,511.16804638925254
12,2024-01-23,P0013,584.4039401901522
12,2024-01-24,P0013,478.9017887904806
12,2024-01-25,P0013,661.5896682116086
12,2024-01-26,P0013,495.87738148845705
12,2024-01-27,P0013,588.1510504329854
12,2024-01-28,P0013,508.3648153988895
12,2024-01-29,P0013,481.9693085464964
12,2024-01-30,P0013,461.8778523043749
12,2024-01-03,P0004,302.35376960409553
12,2024-01-04,P0004,317.5118892371306
12,2024-01-05,P0004,343.4100650370722
12,2024-01-06,P0004,328.5089677593914
12,2024-01-07,P0004,323.6643076454392
12,2024-01-08,P0004,426.055339665424
12,2024-01-09,P0004,303.72735418399697
12,2024-01-10,P0004,305.33834786777436
12,2024-01-11,P0004,405.72003566257996
12,2024-01-12,P0004,404.4860448428528
12,2024-01-13,P0004,323.0261235114655
12,2024-01-14,P0004,389.54877489778653
12,2024-01-15,P0004,506.4348127338186
12,2024-01-16,P0004,567.1133808442611
12,2024-01-17,P0004,471.5037651306901
12,2024-01-18,P0004,639.6490850148576
12,2024-01-19,P0004,456.8971674048951
12,2024-01-20,P0004,690.3634733417767
12,2024-01-21,P0004,587.9159179740125
12,2024-01-22,P0004,520.9821980532502
12,2024-01-23,P0004,469.2337115662607
12,2024-01-24,P0004,479.94608835117003
12,2024-01-25,P0004,530.7925937879949
12,2024-01-26,P0004,638.3207823007721
12,2024-01-27,P0004,468.20845879530714
12,2024-01-28,P0004,640.0911466389247
12,2024-01-29,P0004,478.28460192574937
12,2024-01-30,P0004,452.1026357085884
13,2024-01-03,P0007,355.1750304144795
13,2024-01-04,P0007,360.3779415397733
13,2024-01-05,P0007,339.65660813338803
13,2024-01-06,P0007,308.7908765968896
13,2024-01-07,P0007,287.5438643341129
13,2024-01-08,P0007,308.85244400376575
13,2024-01-09,P0007,282.4511780809285
13,2024-01-10,P0007,356.90454796957476
13,2024-01-11,P0007,302.305373345226
13,2024-01-12,P0007,294.69198798782986
13,2024-01-13,P0007,396.2407397877294
13,2024-01-14,P0007,288.87390275924446
13,2024-01-15,P0007,303.762768966523
13,2024-01-16,P0007,576.0659338669719
13,2024-01-17,P0007,603.0931634927509
13,2024-01-18,P0007,516.313572952967
13,2024-01-19,P0007,462.94804056927416
13,2024-01-20,P0007,701.4839935297248
13,2024-01-21,P0007,477.9167064707922
13,2024-01-22,P0007,525.9083252701664
13,2024-01-23,P0007,469.58761318571015
13,2024-01-24,P0007,480.66293539147114
13,2024-01-25,P0007,675.1150050827358
13,2024-01-26,P0007,500.68175982750387
13,2024-01-27,P0007,587.1623351510807
13,2024-01-28,P0007,510.2648566913915
13,2024-01-29,P0007,496.0033847499557
13,2024-01-30,P0007,463.313059628998
13,2024-01-03,P0013,287.1651030559953
13,2024-01-04,P0013,291.67260155680844
13,2024-01-05,P0013,411.48405587106345
13,2024-01-06,P0013,297.28625907262665
13,2024-01-07,P0013,366.3004247666801
13,2024-01-08,P0013,305.00063511061444
13,2024-01-09,P0013,345.66126333873217
13,2024-01-10,P0013,353.22935543083094
13,2024-01-11,P0013,299.36516087804296
13,2024-01-12,P0013,293.9146988736636
13,2024-01-13,P0013,298.1094102073803
13,2024-01-14,P0013,282.54683720422827
13,2024-01-15,P0013,298.561652301501
13,2024-01-16,P0013,564.3425916458634
13,2024-01-17,P0013,589.3193301812058
13,2024-01-18,P0013,506.09284876048196
13,2024-01-19,P0013,458.76627421058055
13,2024-01-20,P0013,545.8912072081177
13,2024-01-21,P0013,459.96933895139335
13,2024-01-22,P0013,511.16804638925254
13,2024-01-23,P0013,584.4039401901522
13,2024-01-24,P0013,478.9017887904806
13,2024-01-25,P0013,661.5896682116086
13,2024-01-26,P0013,495.87738148845705
13,2024-01-27,P0013,588.1510504329854
13,2024-01-28,P0013,508.3648153988895
13,2024-01-29,P0013,481.9693085464964
13,2024-01-30,P0013,461.8778523043749
13,2024-01-03,P0004,302.35376960409553
13,2024-01-04,P0004,317.5118892371306
13,2024-01-05,P0004,343.4100650370722
13,2024-01-06,P0004,328.5089677593914
13,2024-01-07,P0004,323.6643076454392
13,2024-01-08,P0004,426.055339665424
13,2024-01-09,P0004,303.72735418399697
13,2024-01-10,P0004,305.33834786777436
13,2024-01-11,P0004,405.72003566257996
13,2024-01-12,P0004,404.4860448428528
13,2024-01-13,P0004,323.0261235114655
13,2024-01-14,P0004,389.54877489778653
13,2024-01-15,P0004,318.1661990671055
13,2024-01-16,P0004,567.1133808442611
13,2024-01-17,P0004,471.5037651306901
13,2024-01-18,P0004,639.6490850148576
13,2024-01-19,P0004,456.8971674048951
13,2024-01-20,P0004,690.3634733417767
13,2024-01-21,P0004,587.9159179740125
13,2024-01-22,P0004,520.9821980532502
13,2024-01-23,P0004,469.2337115662607
13,2024-01-24,P0004,479.94608835117003
13,2024-01-25,P0004,530.7925937879949
13,2024-01-26,P0004,638.3207823007721
13,2024-01-27,P0004,468.20845879530714
13,2024-01-28,P0004,640.0911466389247
13,2024-01-29,P0004,478.28460192574937
13,2024-01-30,P0004,452.1026357085884
14,2024-01-03,P0007,355.1750304144795
14,2024-01-04,P0007,360.3779415397733
14,2024-01-05,P0007,339.65660813338803
14,2024-01-06,P0007,308.7908765968896
14,2024-01-07,P0007,287.5438643341129
14,2024-01-08,P0007,308.85244400376575
14,2024-01-09,P0007,282.4511780809285
14,2024-01-10,P0007,356.90454796957476
14,2024-01-11,P0007,302.305373345226
14,2024-01-12,P0007,294.69198798782986
14,2024-01-13,P0007,396.2407397877294
14,2024-01-14,P0007,288.87390275924446
14,2024-01-15,P0007,303.762768966523
14,2024-01-16,P0007,357.1310256784598
14,2024-01-17,P0007,603.0931634927509
14,2024-01-18,P0007,516.313572952967
14,2024-01-19,P0007,462.94804056927416
14,2024-01-20,P0007,701.4839935297248
14,2024-01-21,P0007,477.9167064707922
14,2024-01-22,P0007,525.9083252701664
14,2024-01-23,P0007,469.58761318571015
14,2024-01-24,P0007,480.66293539147114
14,2024-01-25,P0007,675.1150050827358
14,2024-01-26,P0007,500.68175982750387
14,2024-01-27,P0007,587.1623351510807
14,2024-01-28,P0007,510.2648566913915
14,2024-01-29,P0007,496.0033847499557
14,2024-01-30,P0007,463.313059628998
14,2024-01-03,P0013,287.1651030559953
14,2024-01-04,P0013,291.67260155680844
14,2024-01-05,P0013,411.48405587106345
14,2024-01-06,P0013,297.28625907262665
14,2024-01-07,P0013,366.3004247666801
14,2024-01-08,P0013,305.00063511061444
14,2024-01-09,P0013,345.66126333873217
14,2024-01-10,P0013,353.22935543083094
14,2024-01-11,P0013,299.36516087804296
14,2024-01-12,P0013,293.9146988736636
14,2024-01-13,P0013,298.1094102073803
14,2024-01-14,P0013,282.54683720422827
14,2024-01-15,P0013,298.561652301501
14,2024-01-16,P0013,346.32002628023736
14,2024-01-17,P0013,589.3193301812058
14,2024-01-18,P0013,506.09284876048196
14,2024-01-19,P0013,458.76627421058055
14,2024-01-20,P0013,545.8912072081177
14,2024-01-21,P0013,459.96933895139335
14,2024-01-22,P0013,511.16804638925254
14,2024-01-23,P0013,584.4039401901522
14,2024-01-24,P0013,478.9017887904806
14,2024-01-25,P0013,661.5896682116086
14,2024-01-26,P0013,495.87738148845705
14,2024-01-27,P0013,588.1510504329854
14,2024-01-28,P0013,508.3648153988895
14,2024-01-29,P0013,481.9693085464964
14,2024-01-30,P0013,461.8778523043749
14,2024-01-03,P0004,302.35376960409553
14,2024-01-04,P0004,317.5118892371306
14,2024-01-05,P0004,343.4100650370722
14,2024-01-06,P0004,328.5089677593914
14,2024-01-07,P0004,323.6643076454392
14,2024-01-08,P0004,426.055339665424
14,2024-01-09,P0004,303.72735418399697
14,2024-01-10,P0004,305.33834786777436
14,2024-01-11,P0004,405.72003566257996
14,2024-01-12,P0004,404.4860448428528
14,2024-01-13,P0004,323.0261235114655
14,2024-01-14,P0004,389.54877489778653
14,2024-01-15,P0004,318.1661990671055
14,2024-01-16,P0004,372.567055434409
14,2024-01-17,P0004,471.5037651306901
14,2024-01-18,P0004,639.6490850148576
14,2024-01-19,P0004,456.8971674048951
14,2024-01-20,P0004,690.3634733417767
14,2024-01-21,P0004,587.9159179740125
14,2024-01-22,P0004,520.9821980532502
14,2024-01-23,P0004,469.2337115662607
14,2024-01-24,P0004,479.94608835117003
14,2024-01-25,P0004,530.7925937879949
14,2024-01-26,P0004,638.3207823007721
14,2024-01-27,P0004,468.20845879530714
14,2024-01-28,P0004,640.0911466389247
14,2024-01-29,P0004,478.28460192574937
14,2024-01-30,P0004,452.1026357085884
15,2024-01-03,P0007,355.1750304144795
15,2024-01-04,P0007,360.3779415397733
15,2024-01-05,P0007,339.65660813338803
15,2024-01-06,P0007,308.7908765968896
15,2024-01-07,P0007,287.5438643341129
15,2024-01-08,P0007,308.85244400376575
15,2024-01-09,P0007,282.4511780809285
15,2024-01-10,P0007,356.90454796957476
15,2024-01-11,P0007,302.305373345226
15,2024-01-12,P0007,294.69198798782986
15,2024-01-13,P0007,396.2407397877294
15,2024-01-14,P0007,288.87390275924446
15,2024-01-15,P0007,303.762768966523
15,2024-01-16,P0007,357.1310256784598
15,2024-01-17,P0007,361.18168060520895
15,2024-01-18,P0007,516.313572952967
15,2024-01-19,P0007,462.94804056927416
15,2024-01-20,P0007,701.4839935297248
15,2024-01-21,P0007,477.9167064707922
15,2024-01-22,P0007,525.9083252701664
15,2024-01-23,P0007,469.58761318571015
15,2024-01-24,P0007,480.66293539147114
15,2024-01-25,P0007,675.1150050827358
15,2024-01-26,P0007,500.68175982750387
15,2024-01-27,P0007,587.1623351510807
15,2024-01-28,P0007,510.2648566913915
15,2024-01-29,P0007,496.0033847499557
15,2024-01-30,P0007,463.313059628998
15,2024-01-03,P0013,287.1651030559953
15,2024-01-04,P0013,291.67260155680844
15,2024-01-05,P0013,411.48405587106345
15,2024-01-06,P0013,297.28625907262665
15,2024-01-07,P0013,366.3004247666801
15,2024-01-08,P0013,305.00063511061444
15,2024-01-09,P0013,345.66126333873217
15,2024-01-10,P0013,353.22935543083094
15,2024-01-11,P0013,299.36516087804296
15,2024-01-12,P0013,293.9146988736636
15,2024-01-13,P0013,298.1094102073803
15,2024-01-14,P0013,282.54683720422827
15,2024-01-15,P0013,298.561652301501
15,2024-01-16,P0013,346.32002628023736
15,2024-01-17,P0013,354.44419642137717
15,2024-01-18,P0013,506.09284876048196
15,2024-01-19,P0013,458.76627421058055
15,2024-01-20,P0013,545.8912072081177
15,2024-01-21,P0013,459.96933895139335
15,2024-01-22,P0013,511.16804638925254
15,2024-01-23,P0013,584.4039401901522
15,2024-01-24,P0013,478.9017887904806
15,2024-01-25,P0013,661.5896682116086
15,2024-01-26,P0013,495.87738148845705
15,2024-01-27,P0013,588.1510504329854
15,2024-01-28,P0013,508.3648153988895
15,2024-01-29,P0013,481.9693085464964
15,2024-01-30,P0013,461.8778523043749
15,2024-01-03,P0004,302.35376960409553
15,2024-01-04,P0004,317.5118892371306
15,2024-01-05,P0004,343.4100650370722
15,2024-01-06,P0004,328.5089677593914
15,2024-01-07,P0004,323.6643076454392
15,2024-01-08,P0004,426.055339665424
15,2024-01-09,P0004,303.72735418399697
15,2024-01-10,P0004,305.33834786777436
15,2024-01-11,P0004,405.72003566257996
15,2024-01-12,P0004,404.4860448428528
15,2024-01-13,P0004,323.0261235114655
15,2024-01-14,P0004,389.54877489778653
15,2024-01-15,P0004,318.1661990671055
15,2024-01-16,P0004,372.567055434409
15,2024-01-17,P0004,301.67113185433175
15,2024-01-18,P0004,639.6490850148576
15,2024-01-19,P0004,456.8971674048951
15,2024-01-20,P0004,690.3634733417767
15,2024-01-21,P0004,587.9159179740125
15,2024-01-22,P0004,520.9821980532502
15,2024-01-23,P0004,469.2337115662607
15,2024-01-24,P0004,479.94608835117003
15,2024-01-25,P0004,530.7925937879949
15,2024-01-26,P0004,638.3207823007721
15,2024-01-27,P0004,468.20845879530714
15,2024-01-28,P0004,640.0911466389247
15,2024-01-29,P0004,478.28460192574937
15,2024-01-30,P0004,452.1026357085884
16,2024-01-03,P0007,355.1750304144795
16,2024-01-04,P0007,360.3779415397733
16,2024-01-05,P0007,339.65660813338803
16,2024-01-06,P0007,308.7908765968896
16,2024-01-07,P0007,287.5438643341129
16,2024-01-08,P0007,308.85244400376575
16,2024-01-09,P0007,282.4511780809285
16,2024-01-10,P0007,356.90454796957476
16,2024-01-11,P0007,302.305373345226
16,2024-01-12,P0007,294.69198798782986
16,2024-01-13,P0007,396.2407397877294
16,2024-01-14,P0007,288.87390275924446
16,2024-01-15,P0007,303.762768966523
16,2024-01-16,P0007,357.1310256784598
16,2024-01-17,P0007,361.18168060520895
16,2024-01-18,P0007,313.9027100038279
16,2024-01-19,P0007,462.94804056927416
16,2024-01-20,P0007,701.4839935297248
16,2024-01-21,P0007,477.9167064707922
16,2024-01-22,P0007,525.9083252701664
16,2024-01-23,P0007,469.58761318571015
16,2024-01-24,P0007,480.66293539147114
16,2024-01-25,P0007,675.1150050827358
16,2024-01-26,P0007,500.68175982750387
16,2024-01-27,P0007,587.1623351510807
16,2024-01-28,P0007,510.2648566913915
16,2024-01-29,P0007,496.0033847499557
16,2024-01-30,P0007,463.313059628998
16,2024-01-03,P0013,287.1651030559953
16,2024-01-04,P0013,291.67260155680844
16,2024-01-05,P0013,411.48405587106345
16,2024-01-06,P0013,297.28625907262665
16,2024-01-07,P0013,366.3004247666801
16,2024-01-08,P0013,305.00063511061444
16,2024-01-09,P0013,345.66126333873217
16,2024-01-10,P0013,353.22935543083094
16,2024-01-11,P0013,299.36516087804296
16,2024-01-12,P0013,293.9146988736636
16,2024-01-13,P0013,298.1094102073803
16,2024-01-14,P0013,282.54683720422827
16,2024-01-15,P0013,298.561652301501
16,2024-01-16,P0013,346.32002628023736
16,2024-01-17,P0013,354.44419642137717
16,2024-01-18,P0013,308.6080002364355
16,2024-01-19,P0013,458.76627421058055
16,2024-01-20,P0013,545.8912072081177
16,2024-01-21,P0013,459.96933895139335
16,2024-01-22,P0013,511.16804638925254
16,2024-01-23,P0013,584.4039401901522
16,2024-01-24,P0013,478.9017887904806
16,2024-01-25,P0013,661.5896682116086
16,2024-01-26,P0013,495.87738148845705
16,2024-01-27,P0013,588.1510504329854
16,2024-01-28,P0013,508.3648153988895
16,2024-01-29,P0013,481.9693085464964
16,2024-01-30,P0013,461.8778523043749
16,2024-01-03,P0004,302.35376960409553
16,2024-01-04,P0004,317.5118892371306
16,2024-01-05,P0004,343.4100650370722
16,2024-01-06,P0004,328.5089677593914
16,2024-01-07,P0004,323.6643076454392
16,2024-01-08,P0004,426.055339665424
16,2024-01-09,P0004,303.72735418399697
16,2024-01-10,P0004,305.33834786777436
16,2024-01-11,P0004,405.72003566257996
16,2024-01-12,P0004,404.4860448428528
16,2024-01-13,P0004,323.0261235114655
16,2024-01-14,P0004,389.54877489778653
16,2024-01-15,P0004,318.1661990671055
16,2024-01-16,P0004,372.567055434409
16,2024-01-17,P0004,301.67113185433175
16,2024-01-18,P0004,415.3937077313228
16,2024-01-19,P0004,456.8971674048951
16,2024-01-20,P0004,690.3634733417767
16,2024-01-21,P0004,587.9159179740125
16,2024-01-22,P0004,520.9821980532502
16,2024-01-23,P0004,469.2337115662607
16,2024-01-24,P0004,479.94608835117003
16,2024-01-25,P0004,530.7925937879949
16,2024-01-26,P0004,638.3207823007721
16,2024-01-27,P0004,468.20845879530714
16,2024-01-28,P0004,640.0911466389247
16,2024-01-29,P0004,478.28460192574937
16,2024-01-30,P0004,452.1026357085884
17,2024-01-03,P0007,355.1750304144795
17,2024-01-04,P0007,360.3779415397733
17,2024-01-05,P0007,339.65660813338803
17,2024-01-06,P0007,308.7908765968896
17,2024-01-07,P0007,287.5438643341129
17,2024-01-08,P0007,308.85244400376575
17,2024-01-09,P0007,282.4511780809285
17,2024-01-10,P0007,356.90454796957476
17,2024-01-11,P0007,302.305373345226
17,2024-01-12,P0007,294.69198798782986
17,2024-01-13,P0007,396.2407397877294
17,2024-01-14,P0007,288.87390275924446
17,2024-01-15,P0007,303.762768966523
17,2024-01-16,P0007,357.1310256784598
17,2024-01-17,P0007,361.18168060520895
17,2024-01-18,P0007,313.9027100038279
17,2024-01-19,P0007,290.50485456350464
17,2024-01-20,P0007,701.4839935297248
17,2024-01-21,P0007,477.9167064707922
17,2024-01-22,P0007,525.9083252701664
17,2024-01-23,P0007,469.58761318571015
17,2024-01-24,P0007,480.66293539147114
17,2024-01-25,P0007,675.1150050827358
17,2024-01-26,P0007,500.68175982750387
17,2024-01-27,P0007,587.1623351510807
17,2024-01-28,P0007,510.2648566913915
17,2024-01-29,P0007,496.0033847499557
17,2024-01-30,P0007,463.313059628998
17,2024-01-03,P0013,287.1651030559953
17,2024-01-04,P0013,291.67260155680844
17,2024-01-05,P0013,411.48405587106345
17,2024-01-06,P0013,297.28625907262665
17,2024-01-07,P0013,366.3004247666801
17,2024-01-08,P0013,305.00063511061444
17,2024-01-09,P0013,345.66126333873217
17,2024-01-10,P0013,353.22935543083094
17,2024-01-11,P0013,299.36516087804296
17,2024-01-12,P0013,293.9146988736636
17,2024-01-13,P0013,298.1094102073803
17,2024-01-14,P0013,282.54683720422827
17,2024-01-15,P0013,298.561652301501
17,2024-01-16,P0013,346.32002628023736
17,2024-01-17,P0013,354.44419642137717
17,2024-01-18,P0013,308.6080002364355
17,2024-01-19,P0013,287.95561993863856
17,2024-01-20,P0013,545.8912072081177
17,2024-01-21,P0013,459.96933895139335
17,2024-01-22,P0013,511.16804638925254
17,2024-01-23,P0013,584.4039401901522
17,2024-01-24,P0013,478.9017887904806
17,2024-01-25,P0013,661.5896682116086
17,2024-01-26,P0013,495.87738148845705
17,2024-01-27,P0013,588.1510504329854
17,2024-01-28,P0013,508.3648153988895
17,2024-01-29,P0013,481.9693085464964
17,2024-01-30,P0013,461.8778523043749
17,2024-01-03,P0004,302.35376960409553
17,2024-01-04,P0004,317.5118892371306
17,2024-01-05,P0004,343.4100650370722
17,2024-01-06,P0004,328.5089677593914
17,2024-01-07,P0004,323.6643076454392
17,2024-01-08,P0004,426.055339665424
17,2024-01-09,P0004,303.72735418399697
17,2024-01-10,P0004,305.33834786777436
17,2024-01-11,P0004,405.72003566257996
17,2024-01-12,P0004,404.4860448428528
17,2024-01-13,P0004,323.0261235114655
17,2024-01-14,P0004,389.54877489778653
17,2024-01-15,P0004,318.1661990671055
17,2024-01-16,P0004,372.567055434409
17,2024-01-17,P0004,301.67113185433175
17,2024-01-18,P0004,415.3937077313228
17,2024-01-19,P0004,308.58426854344765
17,2024-01-20,P0004,690.3634733417767
17,2024-01-21,P0004,587.9159179740125
17,2024-01-22,P0004,520.9821980532502
17,2024-01-23,P0004,469.2337115662607
17,2024-01-24,P0004,479.94608835117003
17,2024-01-25,P0004,530.7925937879949
17,2024-01-26,P0004,638.3207823007721
17,2024-01-27,P0004,468.20845879530714
17,2024-01-28,P0004,640.0911466389247
17,2024-01-29,P0004,478.28460192574937
17,2024-01-30,P0004,452.1026357085884
18,2024-01-03,P0007,355.1750304144795
18,2024-01-04,P0007,360.3779415397733
18,2024-01-05,P0007,339.65660813338803
18,2024-01-06,P0007,308.7908765968896
18,2024-01-07,P0007,287.5438643341129
18,2024-01-08,P0007,308.85244400376575
18,2024-01-09,P0007,282.4511780809285
18,2024-01-10,P0007,356.90454796957476
18,2024-01-11,P0007,302.305373345226
18,2024-01-12,P0007,294.69198798782986
18,2024-01-13,P0007,396.2407397877294
18,2024-01-14,P0007,288.87390275924446
18,2024-01-15,P0007,303.762768966523
18,2024-01-16,P0007,357.1310256784598
18,2024-01-17,P0007,361.18168060520895
18,2024-01-18,P0007,313.9027100038279
18,2024-01-19,P0007,290.50485456350464
18,2024-01-20,P0007,432.248150141798
18,2024-01-21,P0007,477.9167064707922
18,2024-01-22,P0007,525.9083252701664
18,2024-01-23,P0007,469.58761318571015
18,2024-01-24,P0007,480.66293539147114
18,2024-01-25,P0007,675.1150050827358
18,2024-01-26,P0007,500.68175982750387
18,2024-01-27,P0007,587.1623351510807
18,2024-01-28,P0007,510.2648566913915
18,2024-01-29,P0007,496.0033847499557
18,2024-01-30,P0007,463.313059628998
18,2024-01-03,P0013,287.1651030559953
18,2024-01-04,P0013,291.67260155680844
18,2024-01-05,P0013,411.48405587106345
18,2024-01-06,P0013,297.28625907262665
18,2024-01-07,P0013,366.3004247666801
18,2024-01-08,P0013,305.00063511061444
18,2024-01-09,P0013,345.66126333873217
18,2024-01-10,P0013,353.22935543083094
18,2024-01-11,P0013,299.36516087804296
18,2024-01-12,P0013,293.9146988736636
18,2024-01-13,P0013,298.1094102073803
18,2024-01-14,P0013,282.54683720422827
18,2024-01-15,P0013,298.561652301501
18,2024-01-16,P0013,346.32002628023736
18,2024-01-17,P0013,354.44419642137717
18,2024-01-18,P0013,308.6080002364355
18,2024-01-19,P0013,287.95561993863856
18,2024-01-20,P0013,342.9628403301557
18,2024-01-21,P0013,459.96933895139335
18,2024-01-22,P0013,511.16804638925254
18,2024-01-23,P0013,584.4039401901522
18,2024-01-24,P0013,478.9017887904806
18,2024-01-25,P0013,661.5896682116086
18,2024-01-26,P0013,495.87738148845705
18,2024-01-27,P0013,588.1510504329854
18,2024-01-28,P0013,508.3648153988895
18,2024-01-29,P0013,481.9693085464964
18,2024-01-30,P0013,461.8778523043749
18,2024-01-03,P0004,302.35376960409553
18,2024-01-04,P0004,317.5118892371306
18,2024-01-05,P0004,343.4100650370722
18,2024-01-06,P0004,328.5089677593914
18,2024-01-07,P0004,323.6643076454392
18,2024-01-08,P0004,426.055339665424
18,2024-01-09,P0004,303.72735418399697
18,2024-01-10,P0004,305.33834786777436
18,2024-01-11,P0004,405.72003566257996
18,2024-01-12,P0004,404.4860448428528
18,2024-01-13,P0004,323.0261235114655
18,2024-01-14,P0004,389.54877489778653
18,2024-01-15,P0004,318.1661990671055
18,2024-01-16,P0004,372.567055434409
18,2024-01-17,P0004,301.67113185433175
18,2024-01-18,P0004,415.3937077313228
18,2024-01-19,P0004,308.58426854344765
18,2024-01-20,P0004,454.5224750637186
18,2024-01-21,P0004,587.9159179740125
18,2024-01-22,P0004,520.9821980532502
18,2024-01-23,P0004,469.2337115662607
18,2024-01-24,P0004,479.94608835117003
18,2024-01-25,P0004,530.7925937879949
18,2024-01-26,P0004,638.3207823007721
18,2024-01-27,P0004,468.20845879530714
18,2024-01-28,P0004,640.0911466389247
18,2024-01-29,P0004,478.28460192574937
18,2024-01-30,P0004,452.1026357085884
19,2024-01-03,P0007,355.1750304144795
19,2024-01-04,P0007,360.3779415397733
19,2024-01-05,P0007,339.65660813338803
19,2024-01-06,P0007,308.7908765968896
19,2024-01-07,P0007,287.5438643341129
19,2024-01-08,P0007,308.85244400376575
19,2024-01-09,P0007,282.4511780809285
19,2024-01-10,P0007,356.90454796957476
19,2024-01-11,P0007,302.305373345226
19,2024-01-12,P0007,294.69198798782986
19,2024-01-13,P0007,396.2407397877294
19,2024-01-14,P0007,288.87390275924446
19,2024-01-15,P0007,303.762768966523
19,2024-01-16,P0007,357.1310256784598
19,2024-01-17,P0007,361.18168060520895
19,2024-01-18,P0007,313.9027100038279
19,2024-01-19,P0007,290.50485456350464
19,2024-01-20,P0007,432.248150141798
19,2024-01-21,P0007,298.2216809986696
19,2024-01-22,P0007,525.9083252701664
19,2024-01-23,P0007,469.58761318571015
19,2024-01-24,P0007,480.66293539147114
19,2024-01-25,P0007,675.1150050827358
19,2024-01-26,P0007,500.68175982750387
19,2024-01-27,P0007,587.1623351510807
19,2024-01-28,P0007,510.2648566913915
19,2024-01-29,P0007,496.0033847499557
19,2024-01-30,P0007,463.313059628998
19,2024-01-03,P0013,287.1651030559953
19,2024-01-04,P0013,291.67260155680844
19,2024-01-05,P0013,411.48405587106345
19,2024-01-06,P0013,297.28625907262665
19,2024-01-07,P0013,366.3004247666801
19,2024-01-08,P0013,305.00063511061444
19,2024-01-09,P0013,345.66126333873217
19,2024-01-10,P0013,353.22935543083094
19,2024-01-11,P0013,299.36516087804296
19,2024-01-12,P0013,293.9146988736636
19,2024-01-13,P0013,298.1094102073803
19,2024-01-14,P0013,282.54683720422827
19,2024-01-15,P0013,298.561652301501
19,2024-01-16,P0013,346.32002628023736
19,2024-01-17,P0013,354.44419642137717
19,2024-01-18,P0013,308.6080002364355
19,2024-01-19,P0013,287.95561993863856
19,2024-01-20,P0013,342.9628403301557
19,2024-01-21,P0013,278.71388450481714
19,2024-01-22,P0013,511.16804638925254
19,2024-01-23,P0013,584.4039401901522
19,2024-01-24,P0013,478.9017887904806
19,2024-01-25,P0013,661.5896682116086
19,2024-01-26,P0013,495.87738148845705
19,2024-01-27,P0013,588.1510504329854
19,2024-01-28,P0013,508.3648153988895
19,2024-01-29,P0013,481.9693085464964
19,2024-01-30,P0013,461.8778523043749
19,2024-01-03,P0004,302.35376960409553
19,2024-01-04,P0004,317.5118892371306
19,2024-01-05,P0004,343.4100650370722
19,2024-01-06,P0004,328.5089677593914
19,2024-01-07,P0004,323.6643076454392
19,2024-01-08,P0004,426.055339665424
19,2024-01-09,P0004,303.72735418399697
19,2024-01-10,P0004,305.33834786777436
19,2024-01-11,P0004,405.72003566257996
19,2024-01-12,P0004,404.4860448428528
19,2024-01-13,P0004,323.0261235114655
19,2024-01-14,P0004,389.54877489778653
19,2024-01-15,P0004,318.1661990671055
19,2024-01-16,P0004,372.567055434409
19,2024-01-17,P0004,301.67113185433175
19,2024-01-18,P0004,415.3937077313228
19,2024-01-19,P0004,308.58426854344765
19,2024-01-20,P0004,454.5224750637186
19,2024-01-21,P0004,380.2275753930239
19,2024-01-22,P0004,520.9821980532502
19,2024-01-23,P0004,469.2337115662607
19,2024-01-24,P0004,479.94608835117003
19,2024-01-25,P0004,530.7925937879949
19,2024-01-26,P0004,638.3207823007721
19,2024-01-27,P0004,468.20845879530714
19,2024-01-28,P0004,640.0911466389247
19,2024-01-29,P0004,478.28460192574937
19,2024-01-30,P0004,452.1026357085884
20,2024-01-03,P0007,355.1750304144795
20,2024-01-04,P0007,360.3779415397733
20,2024-01-05,P0007,339.65660813338803
20,2024-01-06,P0007,308.7908765968896
20,2024-01-07,P0007,287.5438643341129
20,2024-01-08,P0007,308.85244400376575
20,2024-01-09,P0007,282.4511780809285
20,2024-01-10,P0007,356.90454796957476
20,2024-01-11,P0007,302.305373345226
20,2024-01-12,P0007,294.69198798782986
20,2024-01-13,P0007,396.2407397877294
20,2024-01-14,P0007,288.87390275924446
20,2024-01-15,P0007,303.762768966523
20,2024-01-16,P0007,357.1310256784598
20,2024-01-17,P0007,361.18168060520895
20,2024-01-18,P0007,313.9027100038279
20,2024-01-19,P0007,290.50485456350464
20,2024-01-20,P0007,432.248150141798
20,2024-01-21,P0007,298.2216809986696
20,2024-01-22,P0007,327.6179855998552
20,2024-01-23,P0007,469.58761318571015
20,2024-01-24,P0007,480.66293539147114
20,2024-01-25,P0007,675.1150050827358
20,2024-01-26,P0007,500.68175982750387
20,2024-01-27,P0007,587.1623351510807
20,2024-01-28,P0007,510.2648566913915
20,2024-01-29,P0007,496.0033847499557
20,2024-01-30,P0007,463.313059628998
20,2024-01-03,P0013,287.1651030559953
20,2024-01-04,P0013,291.67260155680844
20,2024-01-05,P0013,411.48405587106345
20,2024-01-06,P0013,297.28625907262665
20,2024-01-07,P0013,366.3004247666801
20,2024-01-08,P0013,305.00063511061444
20,2024-01-09,P0013,345.66126333873217
20,2024-01-10,P0013,353.22935543083094
20,2024-01-11,P0013,299.36516087804296
20,2024-01-12,P0013,293.9146988736636
20,2024-01-13,P0013,298.1094102073803
20,2024-01-14,P0013,282.54683720422827
20,2024-01-15,P0013,298.561652301501
20,2024-01-16,P0013,346.32002628023736
20,2024-01-17,P0013,354.44419642137717
20,2024-01-18,P0013,308.6080002364355
20,2024-01-19,P0013,287.95561993863856
20,2024-01-20,P0013,342.9628403301557
20,2024-01-21,P0013,278.71388450481714
20,2024-01-22,P0013,310.7363681622769
20,2024-01-23,P0013,584.4039401901522
20,2024-01-24,P0013,478.9017887904806
20,2024-01-25,P0013,661.5896682116086
20,2024-01-26,P0013,495.87738148845705
20,2024-01-27,P0013,588.1510504329854
20,2024-01-28,P0013,508.3648153988895
20,2024-01-29,P0013,481.9693085464964
20,2024-01-30,P0013,461.8778523043749
20,2024-01-03,P0004,302.35376960409553
20,2024-01-04,P0004,317.5118892371306
20,2024-01-05,P0004,343.4100650370722
20,2024-01-06,P0004,328.5089677593914
20,2024-01-07,P0004,323.6643076454392
20,2024-01-08,P0004,426.055339665424
20,2024-01-09,P0004,303.72735418399697
20,2024-01-10,P0004,305.33834786777436
20,2024-01-11,P0004,405.72003566257996
20,2024-01-12,P0004,404.4860448428528
20,2024-01-13,P0004,323.0261235114655
20,2024-01-14,P0004,389.54877489778653
20,2024-01-15,P0004,318.1661990671055
20,2024-01-16,P0004,372.567055434409
20,2024-01-17,P0004,301.67113185433175
20,2024-01-18,P0004,415.3937077313228
20,2024-01-19,P0004,308.58426854344765
20,2024-01-20,P0004,454.5224750637186
20,2024-01-21,P0004,380.2275753930239
20,2024-01-22,P0004,342.9971370536582
20,2024-01-23,P0004,469.2337115662607
20,2024-01-24,P0004,479.94608835117003
20,2024-01-25,P0004,530.7925937879949
20,2024-01-26,P0004,638.3207823007721
20,2024-01-27,P0004,468.20845879530714
20,2024-01-28,P0004,640.0911466389247
20,2024-01-29,P0004,478.28460192574937
20,2024-01-30,P0004,452.1026357085884
21,2024-01-03,P0007,355.1750304144795
21,2024-01-04,P0007,360.3779415397733
21,2024-01-05,P0007,339.65660813338803
21,2024-01-06,P0007,308.7908765968896
21,2024-01-07,P0007,287.5438643341129
21,2024-01-08,P0007,308.85244400376575
21,2024-01-09,P0007,282.4511780809285
21,2024-01-10,P0007,356.90454796957476
21,2024-01-11,P0007,302.305373345226
21,2024-01-12,P0007,294.69198798782986
21,2024-01-13,P0007,396.2407397877294
21,2024-01-14,P0007,288.87390275924446
21,2024-01-15,P0007,303.762768966523
21,2024-01-16,P0007,357.1310256784598
21,2024-01-17,P0007,361.18168060520895
21,2024-01-18,P0007,313.9027100038279
21,2024-01-19,P0007,290.50485456350464
21,2024-01-20,P0007,432.248150141798
21,2024-01-21,P0007,298.2216809986696
21,2024-01-22,P0007,327.6179855998552
21,2024-01-23,P0007,284.0488148653233
21,2024-01-24,P0007,480.66293539147114
21,2024-01-25,P0007,675.1150050827358
21,2024-01-26,P0007,500.68175982750387
21,2024-01-27,P0007,587.1623351510807
21,2024-01-28,P0007,510.2648566913915
21,2024-01-29,P0007,496.0033847499557
21,2024-01-30,P0007,463.313059628998
21,2024-01-03,P0013,287.1651030559953
21,2024-01-04,P0013,291.67260155680844
21,2024-01-05,P0013,411.48405587106345
21,2024-01-06,P0013,297.28625907262665
21,2024-01-07,P0013,366.3004247666801
21,2024-01-08,P0013,305.00063511061444
21,2024-01-09,P0013,345.66126333873217
21,2024-01-10,P0013,353.22935543083094
21,2024-01-11,P0013,299.36516087804296
21,2024-01-12,P0013,293.9146988736636
21,2024-01-13,P0013,298.1094102073803
21,2024-01-14,P0013,282.54683720422827
21,2024-01-15,P0013,298.561652301501
21,2024-01-16,P0013,346.32002628023736
21,2024-01-17,P0013,354.44419642137717
21,2024-01-18,P0013,308.6080002364355
21,2024-01-19,P0013,287.95561993863856
21,2024-01-20,P0013,342.9628403301557
21,2024-01-21,P0013,278.71388450481714
21,2024-01-22,P0013,310.7363681622769
21,2024-01-23,P0013,354.28202491903585
21,2024-01-24,P0013,478.9017887904806
21,2024-01-25,P0013,661.5896682116086
21,2024-01-26,P0013,495.87738148845705
21,2024-01-27,P0013,588.1510504329854
21,2024-01-28,P0013,508.3648153988895
21,2024-01-29,P0013,481.9693085464964
21,2024-01-30,P0013,461.8778523043749
21,2024-01-03,P0004,302.35376960409553
21,2024-01-04,P0004,317.5118892371306
21,2024-01-05,P0004,343.4100650370722
21,2024-01-06,P0004,328.5089677593914
21,2024-01-07,P0004,323.6643076454392
21,2024-01-08,P0004,426.055339665424
21,2024-01-09,P0004,303.72735418399697
21,2024-01-10,P0004,305.33834786777436
21,2024-01-11,P0004,405.72003566257996
21,2024-01-12,P0004,404.4860448428528
21,2024-01-13,P0004,323.0261235114655
21,2024-01-14,P0004,389.54877489778653
21,2024-01-15,P0004,318.1661990671055
21,2024-01-16,P0004,372.567055434409
21,2024-01-17,P0004,301.67113185433175
21,2024-01-18,P0004,415.3937077313228
21,2024-01-19,P0004,308.58426854344765
21,2024-01-20,P0004,454.5224750637186
21,2024-01-21,P0004,380.2275753930239
21,2024-01-22,P0004,342.9971370536582
21,2024-01-23,P0004,307.56112005520237
21,2024-01-24,P0004,479.94608835117003
21,2024-01-25,P0004,530.7925937879949
21,2024-01-26,P0004,638.3207823007721
21,2024-01-27,P0004,468.20845879530714
21,2024-01-28,P0004,640.0911466389247
21,2024-01-29,P0004,478.28460192574937
21,2024-01-30,P0004,452.1026357085884
22,2024-01-03,P0007,355.1750304144795
22,2024-01-04,P0007,360.3779415397733
22,2024-01-05,P0007,339.65660813338803
22,2024-01-06,P0007,308.7908765968896
22,2024-01-07,P0007,287.5438643341129
22,2024-01-08,P0007,308.85244400376575
22,2024-01-09,P0007,282.4511780809285
22,2024-01-10,P0007,356.90454796957476
22,2024-01-11,P0007,302.305373345226
22,2024-01-12,P0007,294.69198798782986
22,2024-01-13,P0007,396.2407397877294
22,2024-01-14,P0007,288.87390275924446
22,2024-01-15,P0007,303.762768966523
22,2024-01-16,P0007,357.1310256784598
22,2024-01-17,P0007,361.18168060520895
22,2024-01-18,P0007,313.9027100038279
22,2024-01-19,P0007,290.50485456350464
22,2024-01-20,P0007,432.248150141798
22,2024-01-21,P0007,298.2216809986696
22,2024-01-22,P0007,327.6179855998552
22,2024-01-23,P0007,284.0488148653233
22,2024-01-24,P0007,287.83059313215074
22,2024-01-25,P0007,675.1150050827358
22,2024-01-26,P0007,500.68175982750387
22,2024-01-27,P0007,587.1623351510807
22,2024-01-28,P0007,510.2648566913915
22,2024-01-29,P0007,496.0033847499557
22,2024-01-30,P0007,463.313059628998
22,2024-01-03,P0013,287.1651030559953
22,2024-01-04,P0013,291.67260155680844
22,2024-01-05,P0013,411.48405587106345
22,2024-01-06,P0013,297.28625907262665
22,2024-01-07,P0013,366.3004247666801
22,2024-01-08,P0013,305.00063511061444
22,2024-01-09,P0013,345.66126333873217
22,2024-01-10,P0013,353.22935543083094
22,2024-01-11,P0013,299.36516087804296
22,2024-01-12,P0013,293.9146988736636
22,2024-01-13,P0013,298.1094102073803
22,2024-01-14,P0013,282.54683720422827
22,2024-01-15,P0013,298.561652301501
22,2024-01-16,P0013,346.32002628023736
22,2024-01-17,P0013,354.44419642137717
22,2024-01-18,P0013,308.6080002364355
22,2024-01-19,P0013,287.95561993863856
22,2024-01-20,P0013,342.9628403301557
22,2024-01-21,P0013,278.71388450481714
22,2024-01-22,P0013,310.7363681622769
22,2024-01-23,P0013,354.28202491903585
22,2024-01-24,P0013,289.6389128852929
22,2024-01-25,P0013,661.5896682116086
22,2024-01-26,P0013,495.87738148845705
22,2024-01-27,P0013,588.1510504329854
22,2024-01-28,P0013,508.3648153988895
22,2024-01-29,P0013,481.9693085464964
22,2024-01-30,P0013,461.8778523043749
22,2024-01-03,P0004,302.35376960409553
22,2024-01-04,P0004,317.5118892371306
22,2024-01-05,P0004,343.4100650370722
22,2024-01-06,P0004,328.5089677593914
22,2024-01-07,P0004,323.6643076454392
22,2024-01-08,P0004,426.055339665424
22,2024-01-09,P0004,303.72735418399697
22,2024-01-10,P0004,305.33834786777436
22,2024-01-11,P0004,405.72003566257996
22,2024-01-12,P0004,404.4860448428528
22,2024-01-13,P0004,323.0261235114655
22,2024-01-14,P0004,389.54877489778653
22,2024-01-15,P0004,318.1661990671055
22,2024-01-16,P0004,372.567055434409
22,2024-01-17,P0004,301.67113185433175
22,2024-01-18,P0004,415.3937077313228
22,2024-01-19,P0004,308.58426854344765
22,2024-01-20,P0004,454.5224750637186
22,2024-01-21,P0004,380.2275753930239
22,2024-01-22,P0004,342.9971370536582
22,2024-01-23,P0004,307.56112005520237
22,2024-01-24,P0004,313.30613063724047
22,2024-01-25,P0004,530.7925937879949
22,2024-01-26,P0004,638.3207823007721
22,2024-01-27,P0004,468.20845879530714
22,2024-01-28,P0004,640.0911466389247
22,2024-01-29,P0004,478.28460192574937
22,2024-01-30,P0004,452.1026357085884
23,2024-01-03,P0007,355.1750304144795
23,2024-01-04,P0007,360.3779415397733
23,2024-01-05,P0007,339.65660813338803
23,2024-01-06,P0007,308.7908765968896
23,2024-01-07,P0007,287.5438643341129
23,2024-01-08,P0007,308.85244400376575
23,2024-01-09,P0007,282.4511780809285
23,2024-01-10,P0007,356.90454796957476
23,2024-01-11,P0007,302.305373345226
23,2024-01-12,P0007,294.69198798782986
23,2024-01-13,P0007,396.2407397877294
23,2024-01-14,P0007,288.87390275924446
23,2024-01-15,P0007,303.762768966523
23,2024-01-16,P0007,357.1310256784598
23,2024-01-17,P0007,361.18168060520895
23,2024-01-18,P0007,313.9027100038279
23,2024-01-19,P0007,290.50485456350464
23,2024-01-20,P0007,432.248150141798
23,2024-01-21,P0007,298.2216809986696
23,2024-01-22,P0007,327.6179855998552
23,2024-01-23,P0007,284.0488148653233
23,2024-01-24,P0007,287.83059313215074
23,2024-01-25,P0007,410.986609388981
23,2024-01-26,P0007,500.68175982750387
23,2024-01-27,P0007,587.1623351510807
23,2024-01-28,P0007,510.2648566913915
23,2024-01-29,P0007,496.0033847499557
23,2024-01-30,P0007,463.313059628998
23,2024-01-03,P0013,287.1651030559953
23,2024-01-04,P0013,291.67260155680844
23,2024-01-05,P0013,411.48405587106345
23,2024-01-06,P0013,297.28625907262665
23,2024-01-07,P0013,366.3004247666801
23,2024-01-08,P0013,305.00063511061444
23,2024-01-09,P0013,345.66126333873217
23,2024-01-10,P0013,353.22935543083094
23,2024-01-11,P0013,299.36516087804296
23,2024-01-12,P0013,293.9146988736636
23,2024-01-13,P0013,298.1094102073803
23,2024-01-14,P0013,282.54683720422827
23,2024-01-15,P0013,298.561652301501
23,2024-01-16,P0013,346.32002628023736
23,2024-01-17,P0013,354.44419642137717
23,2024-01-18,P0013,308.6080002364355
23,2024-01-19,P0013,287.95561993863856
23,2024-01-20,P0013,342.9628403301557
23,2024-01-21,P0013,278.71388450481714
23,2024-01-22,P0013,310.7363681622769
23,2024-01-23,P0013,354.28202491903585
23,2024-01-24,P0013,289.6389128852929
23,2024-01-25,P0013,404.5862674382876
23,2024-01-26,P0013,495.87738148845705
23,2024-01-27,P0013,588.1510504329854
23,2024-01-28,P0013,508.3648153988895
23,2024-01-29,P0013,481.9693085464964
23,2024-01-30,P0013,461.8778523043749
23,2024-01-03,P0004,302.35376960409553
23,2024-01-04,P0004,317.5118892371306
23,2024-01-05,P0004,343.4100650370722
23,2024-01-06,P0004,328.5089677593914
23,2024-01-07,P0004,323.6643076454392
23,2024-01-08,P0004,426.055339665424
23,2024-01-09,P0004,303.72735418399697
23,2024-01-10,P0004,305.33834786777436
23,2024-01-11,P0004,405.72003566257996
23,2024-01-12,P0004,404.4860448428528
23,2024-01-13,P0004,323.0261235114655
23,2024-01-14,P0004,389.54877489778653
23,2024-01-15,P0004,318.1661990671055
23,2024-01-16,P0004,372.567055434409
23,2024-01-17,P0004,301.67113185433175
23,2024-01-18,P0004,415.3937077313228
23,2024-01-19,P0004,308.58426854344765
23,2024-01-20,P0004,454.5224750637186
23,2024-01-21,P0004,380.2275753930239
23,2024-01-22,P0004,342.9971370536582
23,2024-01-23,P0004,307.56112005520237
23,2024-01-24,P0004,313.30613063724047
23,2024-01-25,P0004,346.10652487328366
23,2024-01-26,P0004,638.3207823007721
23,2024-01-27,P0004,468.20845879530714
23,2024-01-28,P0004,640.0911466389247
23,2024-01-29,P0004,478.28460192574937
23,2024-01-30,P0004,452.1026357085884
24,2024-01-03,P0007,355.1750304144795
24,2024-01-04,P0007,360.3779415397733
24,2024-01-05,P0007,339.65660813338803
24,2024-01-06,P0007,308.7908765968896
24,2024-01-07,P0007,287.5438643341129
24,2024-01-08,P0007,308.85244400376575
24,2024-01-09,P0007,282.4511780809285
24,2024-01-10,P0007,356.90454796957476
24,2024-01-11,P0007,302.305373345226
24,2024-01-12,P0007,294.69198798782986
24,2024-01-13,P0007,396.2407397877294
24,2024-01-14,P0007,288.87390275924446
24,2024-01-15,P0007,303.762768966523
24,2024-01-16,P0007,357.1310256784598
24,2024-01-17,P0007,361.18168060520895
24,2024-01-18,P0007,313.9027100038279
24,2024-01-19,P0007,290.50485456350464
24,2024-01-20,P0007,432.248150141798
24,2024-01-21,P0007,298.2216809986696
24,2024-01-22,P0007,327.6179855998552
24,2024-01-23,P0007,284.0488148653233
24,2024-01-24,P0007,287.83059313215074
24,2024-01-25,P0007,410.986609388981
24,2024-01-26,P0007,298.38074434560576
24,2024-01-27,P0007,587.1623351510807
24,2024-01-28,P0007,510.2648566913915
24,2024-01-29,P0007,496.0033847499557
24,2024-01-30,P0007,463.313059628998
24,2024-01-03,P0013,287.1651030559953
24,2024-01-04,P0013,291.67260155680844
24,2024-01-05,P0013,411.48405587106345
24,2024-01-06,P0013,297.28625907262665
24,2024-01-07,P0013,366.3004247666801
24,2024-01-08,P0013,305.00063511061444
24,2024-01-09,P0013,345.66126333873217
24,2024-01-10,P0013,353.22935543083094
24,2024-01-11,P0013,299.36516087804296
24,2024-01-12,P0013,293.9146988736636
24,2024-01-13,P0013,298.1094102073803
24,2024-01-14,P0013,282.54683720422827
24,2024-01-15,P0013,298.561652301501
24,2024-01-16,P0013,346.32002628023736
24,2024-01-17,P0013,354.44419642137717
24,2024-01-18,P0013,308.6080002364355
24,2024-01-19,P0013,287.95561993863856
24,2024-01-20,P0013,342.9628403301557
24,2024-01-21,P0013,278.71388450481714
24,2024-01-22,P0013,310.7363681622769
24,2024-01-23,P0013,354.28202491903585
24,2024-01-24,P0013,289.6389128852929
24,2024-01-25,P0013,404.5862674382876
24,2024-01-26,P0013,299.51121027056627
24,2024-01-27,P0013,588.1510504329854
24,2024-01-28,P0013,508.3648153988895
24,2024-01-29,P0013,481.9693085464964
24,2024-01-30,P0013,461.8778523043749
24,2024-01-03,P0004,302.35376960409553
24,2024-01-04,P0004,317.5118892371306
24,2024-01-05,P0004,343.4100650370722
24,2024-01-06,P0004,328.5089677593914
24,2024-01-07,P0004,323.6643076454392
24,2024-01-08,P0004,426.055339665424
24,2024-01-09,P0004,303.72735418399697
24,2024-01-10,P0004,305.33834786777436
24,2024-01-11,P0004,405.72003566257996
24,2024-01-12,P0004,404.4860448428528
24,2024-01-13,P0004,323.0261235114655
24,2024-01-14,P0004,389.54877489778653
24,2024-01-15,P0004,318.1661990671055
24,2024-01-16,P0004,372.567055434409
24,2024-01-17,P0004,301.67113185433175
24,2024-01-18,P0004,415.3937077313228
24,2024-01-19,P0004,308.58426854344765
24,2024-01-20,P0004,454.5224750637186
24,2024-01-21,P0004,380.2275753930239
24,2024-01-22,P0004,342.9971370536582
24,2024-01-23,P0004,307.56112005520237
24,2024-01-24,P0004,313.30613063724047
24,2024-01-25,P0004,346.10652487328366
24,2024-01-26,P0004,413.83710101361163
24,2024-01-27,P0004,468.20845879530714
24,2024-01-28,P0004,640.0911466389247
24,2024-01-29,P0004,478.28460192574937
24,2024-01-30,P0004,452.1026357085884
25,2024-01-03,P0007,355.1750304144795
25,2024-01-04,P0007,360.3779415397733
25,2024-01-05,P0007,339.65660813338803
25,2024-01-06,P0007,308.7908765968896
25,2024-01-07,P0007,287.5438643341129
25,2024-01-08,P0007,308.85244400376575
25,2024-01-09,P0007,282.4511780809285
25,2024-01-10,P0007,356.90454796957476
25,2024-01-11,P0007,302.305373345226
25,2024-01-12,P0007,294.69198798782986
25,2024-01-13,P0007,396.2407397877294
25,2024-01-14,P0007,288.87390275924446
25,2024-01-15,P0007,303.762768966523
25,2024-01-16,P0007,357.1310256784598
25,2024-01-17,P0007,361.18168060520895
25,2024-01-18,P0007,313.9027100038279
25,2024-01-19,P0007,290.50485456350464
25,2024-01-20,P0007,432.248150141798
25,2024-01-21,P0007,298.2216809986696
25,2024-01-22,P0007,327.6179855998552
25,2024-01-23,P0007,284.0488148653233
25,2024-01-24,P0007,287.83059313215074
25,2024-01-25,P0007,410.986609388981
25,2024-01-26,P0007,298.38074434560576
25,2024-01-27,P0007,356.46475204055446
25,2024-01-28,P0007,510.2648566913915
25,2024-01-29,P0007,496.0033847499557
25,2024-01-30,P0007,463.313059628998
25,2024-01-03,P0013,287.1651030559953
25,2024-01-04,P0013,291.67260155680844
25,2024-01-05,P0013,411.48405587106345
25,2024-01-06,P0013,297.28625907262665
25,2024-01-07,P0013,366.3004247666801
25,2024-01-08,P0013,305.00063511061444
25,2024-01-09,P0013,345.66126333873217
25,2024-01-10,P0013,353.22935543083094
25,2024-01-11,P0013,299.36516087804296
25,2024-01-12,P0013,293.9146988736636
25,2024-01-13,P0013,298.1094102073803
25,2024-01-14,P0013,282.54683720422827
25,2024-01-15,P0013,298.561652301501
25,2024-01-16,P0013,346.32002628023736
25,2024-01-17,P0013,354.44419642137717
25,2024-01-18,P0013,308.6080002364355
25,2024-01-19,P0013,287.95561993863856
25,2024-01-20,P0013,342.9628403301557
25,2024-01-21,P0013,278.71388450481714
25,2024-01-22,P0013,310.7363681622769
25,2024-01-23,P0013,354.28202491903585
25,2024-01-24,P0013,289.6389128852929
25,2024-01-25,P0013,404.5862674382876
25,2024-01-26,P0013,299.51121027056627
25,2024-01-27,P0013,360.00385423693683
25,2024-01-28,P0013,508.3648153988895
25,2024-01-29,P0013,481.9693085464964
25,2024-01-30,P0013,461.8778523043749
25,2024-01-03,P0004,302.35376960409553
25,2024-01-04,P0004,317.5118892371306
25,2024-01-05,P0004,343.4100650370722
25,2024-01-06,P0004,328.5089677593914
25,2024-01-07,P0004,323.6643076454392
25,2024-01-08,P0004,426.055339665424
25,2024-01-09,P0004,303.72735418399697
25,2024-01-10,P0004,305.33834786777436
25,2024-01-11,P0004,405.72003566257996
25,2024-01-12,P0004,404.4860448428528
25,2024-01-13,P0004,323.0261235114655
25,2024-01-14,P0004,389.54877489778653
25,2024-01-15,P0004,318.1661990671055
25,2024-01-16,P0004,372.567055434409
25,2024-01-17,P0004,301.67113185433175
25,2024-01-18,P0004,415.3937077313228
25,2024-01-19,P0004,308.58426854344765
25,2024-01-20,P0004,454.5224750637186
25,2024-01-21,P0004,380.2275753930239
25,2024-01-22,P0004,342.9971370536582
25,2024-01-23,P0004,307.56112005520237
25,2024-01-24,P0004,313.30613063724047
25,2024-01-25,P0004,346.10652487328366
25,2024-01-26,P0004,413.83710101361163
25,2024-01-27,P0004,307.5883148388486
25,2024-01-28,P0004,640.0911466389247
25,2024-01-29,P0004,478.28460192574937
25,2024-01-30,P0004,452.1026357085884
26,2024-01-03,P0007,355.1750304144795
26,2024-01-04,P0007,360.3779415397733
26,2024-01-05,P0007,339.65660813338803
26,2024-01-06,P0007,308.7908765968896
26,2024-01-07,P0007,287.5438643341129
26,2024-01-08,P0007,308.85244400376575
26,2024-01-09,P0007,282.4511780809285
26,2024-01-10,P0007,356.90454796957476
26,2024-01-11,P0007,302.305373345226
26,2024-01-12,P0007,294.69198798782986
26,2024-01-13,P0007,396.2407397877294
26,2024-01-14,P0007,288.87390275924446
26,2024-01-15,P0007,303.762768966523
26,2024-01-16,P0007,357.1310256784598
26,2024-01-17,P0007,361.18168060520895
26,2024-01-18,P0007,313.9027100038279
26,2024-01-19,P0007,290.50485456350464
26,2024-01-20,P0007,432.248150141798
26,2024-01-21,P0007,298.2216809986696
26,2024-01-22,P0007,327.6179855998552
26,2024-01-23,P0007,284.0488148653233
26,2024-01-24,P0007,287.83059313215074
26,2024-01-25,P0007,410.986609388981
26,2024-01-26,P0007,298.38074434560576
26,2024-01-27,P0007,356.46475204055446
26,2024-01-28,P0007,297.68622649044755
26,2024-01-29,P0007,496.0033847499557
26,2024-01-30,P0007,463.313059628998
26,2024-01-03,P0013,287.1651030559953
26,2024-01-04,P0013,291.67260155680844
26,2024-01-05,P0013,411.48405587106345
26,2024-01-06,P0013,297.28625907262665
26,2024-01-07,P0013,366.3004247666801
26,2024-01-08,P0013,305.00063511061444
26,2024-01-09,P0013,345.66126333873217
26,2024-01-10,P0013,353.22935543083094
26,2024-01-11,P0013,299.36516087804296
26,2024-01-12,P0013,293.9146988736636
26,2024-01-13,P0013,298.1094102073803
26,2024-01-14,P0013,282.54683720422827
26,2024-01-15,P0013,298.561652301501
26,2024-01-16,P0013,346.32002628023736
26,2024-01-17,P0013,354.44419642137717
26,2024-01-18,P0013,308.6080002364355
26,2024-01-19,P0013,287.95561993863856
26,2024-01-20,P0013,342.9628403301557
26,2024-01-21,P0013,278.71388450481714
26,2024-01-22,P0013,310.7363681622769
26,2024-01-23,P0013,354.28202491903585
26,2024-01-24,P0013,289.6389128852929
26,2024-01-25,P0013,404.5862674382876
26,2024-01-26,P0013,299.51121027056627
26,2024-01-27,P0013,360.00385423693683
26,2024-01-28,P0013,297.1591163452326
26,2024-01-29,P0013,481.9693085464964
26,2024-01-30,P0013,461.8778523043749
26,2024-01-03,P0004,302.35376960409553
26,2024-01-04,P0004,317.5118892371306
26,2024-01-05,P0004,343.4100650370722
26,2024-01-06,P0004,328.5089677593914
26,2024-01-07,P0004,323.6643076454392
26,2024-01-08,P0004,426.055339665424
26,2024-01-09,P0004,303.72735418399697
26,2024-01-10,P0004,305.33834786777436
26,2024-01-11,P0004,405.72003566257996
26,2024-01-12,P0004,404.4860448428528
26,2024-01-13,P0004,323.0261235114655
26,2024-01-14,P0004,389.54877489778653
26,2024-01-15,P0004,318.1661990671055
26,2024-01-16,P0004,372.567055434409
26,2024-01-17,P0004,301.67113185433175
26,2024-01-18,P0004,415.3937077313228
26,2024-01-19,P0004,308.58426854344765
26,2024-01-20,P0004,454.5224750637186
26,2024-01-21,P0004,380.2275753930239
26,2024-01-22,P0004,342.9971370536582
26,2024-01-23,P0004,307.56112005520237
26,2024-01-24,P0004,313.30613063724047
26,2024-01-25,P0004,346.10652487328366
26,2024-01-26,P0004,413.83710101361163
26,2024-01-27,P0004,307.5883148388486
26,2024-01-28,P0004,403.1745144373939
26,2024-01-29,P0004,478.28460192574937
26,2024-01-30,P0004,452.1026357085884
27,2024-01-03,P0007,355.1750304144795
27,2024-01-04,P0007,360.3779415397733
27,2024-01-05,P0007,339.65660813338803
27,2024-01-06,P0007,308.7908765968896
27,2024-01-07,P0007,287.5438643341129
27,2024-01-08,P0007,308.85244400376575
27,2024-01-09,P0007,282.4511780809285
27,2024-01-10,P0007,356.90454796957476
27,2024-01-11,P0007,302.305373345226
27,2024-01-12,P0007,294.69198798782986
27,2024-01-13,P0007,396.2407397877294
27,2024-01-14,P0007,288.87390275924446
27,2024-01-15,P0007,303.762768966523
27,2024-01-16,P0007,357.1310256784598
27,2024-01-17,P0007,361.18168060520895
27,2024-01-18,P0007,313.9027100038279
27,2024-01-19,P0007,290.50485456350464
27,2024-01-20,P0007,432.248150141798
27,2024-01-21,P0007,298.2216809986696
27,2024-01-22,P0007,327.6179855998552
27,2024-01-23,P0007,284.0488148653233
27,2024-01-24,P0007,287.83059313215074
27,2024-01-25,P0007,410.986609388981
27,2024-01-26,P0007,298.38074434560576
27,2024-01-27,P0007,356.46475204055446
27,2024-01-28,P0007,297.68622649044755
27,2024-01-29,P0007,301.21360285499196
27,2024-01-30,P0007,463.313059628998
27,2024-01-03,P0013,287.1651030559953
27,2024-01-04,P0013,291.67260155680844
27,2024-01-05,P0013,411.48405587106345
27,2024-01-06,P0013,297.28625907262665
27,2024-01-07,P0013,366.3004247666801
27,2024-01-08,P0013,305.00063511061444
27,2024-01-09,P0013,345.66126333873217
27,2024-01-10,P0013,353.22935543083094
27,2024-01-11,P0013,299.36516087804296
27,2024-01-12,P0013,293.9146988736636
27,2024-01-13,P0013,298.1094102073803
27,2024-01-14,P0013,282.54683720422827
27,2024-01-15,P0013,298.561652301501
27,2024-01-16,P0013,346.32002628023736
27,2024-01-17,P0013,354.44419642137717
27,2024-01-18,P0013,308.6080002364355
27,2024-01-19,P0013,287.95561993863856
27,2024-01-20,P0013,342.9628403301557
27,2024-01-21,P0013,278.71388450481714
27,2024-01-22,P0013,310.7363681622769
27,2024-01-23,P0013,354.28202491903585
27,2024-01-24,P0013,289.6389128852929
27,2024-01-25,P0013,404.5862674382876
27,2024-01-26,P0013,299.51121027056627
27,2024-01-27,P0013,360.00385423693683
27,2024-01-28,P0013,297.1591163452326
27,2024-01-29,P0013,291.6050172411822
27,2024-01-30,P0013,461.8778523043749
27,2024-01-03,P0004,302.35376960409553
27,2024-01-04,P0004,317.5118892371306
27,2024-01-05,P0004,343.4100650370722
27,2024-01-06,P0004,328.5089677593914
27,2024-01-07,P0004,323.6643076454392
27,2024-01-08,P0004,426.055339665424
27,2024-01-09,P0004,303.72735418399697
27,2024-01-10,P0004,305.33834786777436
27,2024-01-11,P0004,405.72003566257996
27,2024-01-12,P0004,404.4860448428528
27,2024-01-13,P0004,323.0261235114655
27,2024-01-14,P0004,389.54877489778653
27,2024-01-15,P0004,318.1661990671055
27,2024-01-16,P0004,372.567055434409
27,2024-01-17,P0004,301.67113185433175
27,2024-01-18,P0004,415.3937077313228
27,2024-01-19,P0004,308.58426854344765
27,2024-01-20,P0004,454.5224750637186
27,2024-01-21,P0004,380.2275753930239
27,2024-01-22,P0004,342.9971370536582
27,2024-01-23,P0004,307.56112005520237
27,2024-01-24,P0004,313.30613063724047
27,2024-01-25,P0004,346.10652487328366
27,2024-01-26,P0004,413.83710101361163
27,2024-01-27,P0004,307.5883148388486
27,2024-01-28,P0004,403.1745144373939
27,2024-01-29,P0004,310.51506189621426
27,2024-01-30,P0004,452.1026357085884
28,2024-01-03,P0007,355.1750304144795
28,2024-01-04,P0007,360.3779415397733
28,2024-01-05,P0007,339.65660813338803
28,2024-01-06,P0007,308.7908765968896
28,2024-01-07,P0007,287.5438643341129
28,2024-01-08,P0007,308.85244400376575
28,2024-01-09,P0007,282.4511780809285
28,2024-01-10,P0007,356.90454796957476
28,2024-01-11,P0007,302.305373345226
28,2024-01-12,P0007,294.69198798782986
28,2024-01-13,P0007,396.2407397877294
28,2024-01-14,P0007,288.87390275924446
28,2024-01-15,P0007,303.762768966523
28,2024-01-16,P0007,357.1310256784598
28,2024-01-17,P0007,361.18168060520895
28,2024-01-18,P0007,313.9027100038279
28,2024-01-19,P0007,290.50485456350464
28,2024-01-20,P0007,432.248150141798
28,2024-01-21,P0007,298.2216809986696
28,2024-01-22,P0007,327.6179855998552
28,2024-01-23,P0007,284.0488148653233
28,2024-01-24,P0007,287.83059313215074
28,2024-01-25,P0007,410.986609388981
28,2024-01-26,P0007,298.38074434560576
28,2024-01-27,P0007,356.46475204055446
28,2024-01-28,P0007,297.68622649044755
28,2024-01-29,P0007,301.21360285499196
28,2024-01-30,P0007,289.88409817817313
28,2024-01-03,P0013,287.1651030559953
28,2024-01-04,P0013,291.67260155680844
28,2024-01-05,P0013,411.48405587106345
28,2024-01-06,P0013,297.28625907262665
28,2024-01-07,P0013,366.3004247666801
28,2024-01-08,P0013,305.00063511061444
28,2024-01-09,P0013,345.66126333873217
28,2024-01-10,P0013,353.22935543083094
28,2024-01-11,P0013,299.36516087804296
28,2024-01-12,P0013,293.9146988736636
28,2024-01-13,P0013,298.1094102073803
28,2024-01-14,P0013,282.54683720422827
28,2024-01-15,P0013,298.561652301501
28,2024-01-16,P0013,346.32002628023736
28,2024-01-17,P0013,354.44419642137717
28,2024-01-18,P0013,308.6080002364355
28,2024-01-19,P0013,287.95561993863856
28,2024-01-20,P0013,342.9628403301557
28,2024-01-21,P0013,278.71388450481714
28,2024-01-22,P0013,310.7363681622769
28,2024-01-23,P0013,354.28202491903585
28,2024-01-24,P0013,289.6389128852929
28,2024-01-25,P0013,404.5862674382876
28,2024-01-26,P0013,299.51121027056627
28,2024-01-27,P0013,360.00385423693683
28,2024-01-28,P0013,297.1591163452326
28,2024-01-29,P0013,291.6050172411822
28,2024-01-30,P0013,291.97863438347747
28,2024-01-03,P0004,302.35376960409553
28,2024-01-04,P0004,317.5118892371306
28,2024-01-05,P0004,343.4100650370722
28,2024-01-06,P0004,328.5089677593914
28,2024-01-07,P0004,323.6643076454392
28,2024-01-08,P0004,426.055339665424
28,2024-01-09,P0004,303.72735418399697
28,2024-01-10,P0004,305.33834786777436
28,2024-01-11,P0004,405.72003566257996
28,2024-01-12,P0004,404.4860448428528
28,2024-01-13,P0004,323.0261235114655
28,2024-01-14,P0004,389.54877489778653
28,2024-01-15,P0004,318.1661990671055
28,2024-01-16,P0004,372.567055434409
28,2024-01-17,P0004,301.67113185433175
28,2024-01-18,P0004,415.3937077313228
28,2024-01-19,P0004,308.58426854344765
28,2024-01-20,P0004,454.5224750637186
28,2024-01-21,P0004,380.2275753930239
28,2024-01-22,P0004,342.9971370536582
28,2024-01-23,P0004,307.56112005520237
28,2024-01-24,P0004,313.30613063724047
28,2024-01-25,P0004,346.10652487328366
28,2024-01-26,P0004,413.83710101361163
28,2024-01-27,P0004,307.5883148388486
28,2024-01-28,P0004,403.1745144373939
28,2024-01-29,P0004,310.51506189621426
28,2024-01-30,P0004,303.68102591797674
